problem_id,in_S0_n8,in_S0_n10,in_S0_n12,in_S0_n13,in_S0_n15
1,False,True,True,True,True
4,False,True,True,True,True
32,False,False,True,True,True
43,False,True,True,True,True
74,False,True,True,True,True
76,True,True,True,True,True
101,True,True,True,True,True
103,True,True,True,True,True
104,True,True,True,True,True
108,False,True,True,True,True
138,False,True,True,True,True
198,True,True,True,True,True
204,False,True,True,True,True
208,True,True,True,True,True
211,False,True,True,True,True
283,True,True,True,True,True
287,False,True,True,True,True
303,False,True,True,True,True
305,False,False,True,True,True
308,False,False,True,True,True
310,True,True,True,True,True
313,True,True,True,True,True
395,True,True,True,True,True
417,False,False,True,True,True
448,True,True,True,True,True
543,True,True,True,True,True
563,False,False,False,True,True
576,False,False,True,True,True
577,False,False,True,True,True
579,False,True,True,True,True
583,False,False,False,True,True
587,False,True,True,True,True
632,False,False,False,False,True
666,False,False,True,True,True
678,True,True,True,True,True
704,False,False,True,True,True
724,False,True,True,True,True
753,False,False,True,True,True
755,False,True,True,True,True
759,False,True,True,True,True
762,False,False,True,True,True
796,False,True,True,True,True
797,False,True,True,True,True
820,True,True,True,True,True
825,True,True,True,True,True
904,False,True,True,True,True
908,False,True,True,True,True
948,False,True,True,True,True
972,False,True,True,True,True
976,False,False,False,True,True
1000,False,True,True,True,True
1020,True,True,True,True,True
1024,True,True,True,True,True
1048,False,False,True,True,True
1072,False,True,True,True,True
1104,True,True,True,True,True
1188,False,True,True,True,True
1195,True,True,True,True,True
1209,True,True,True,True,True
1225,True,True,True,True,True
1239,True,True,True,True,True
1322,False,True,True,True,True
1324,False,True,True,True,True
1360,True,True,True,True,True
1403,True,True,True,True,True
1433,True,True,True,True,True
1479,False,True,True,True,True
1500,False,False,True,True,True
1510,False,False,True,True,True
1523,False,False,True,True,True
1558,True,True,True,True,True
1568,False,False,True,True,True
1572,False,True,True,True,True
1577,False,False,True,True,True
1587,True,True,True,True,True
1600,False,False,True,True,True
1606,True,True,True,True,True
1608,True,True,True,True,True
1631,True,True,True,True,True
1656,True,True,True,True,True
1661,True,True,True,True,True
1667,True,True,True,True,True
1669,True,True,True,True,True
1680,True,True,True,True,True
1685,False,False,False,False,True
1710,False,True,True,True,True
1715,True,True,True,True,True
1725,False,True,True,True,True
1729,False,True,True,True,True
1776,True,True,True,True,True
1783,False,True,True,True,True
1817,False,True,True,True,True
1844,False,True,True,True,True
1891,False,True,True,True,True
1908,False,True,True,True,True
1939,True,True,True,True,True
1950,True,True,True,True,True
1958,True,True,True,True,True
1959,True,True,True,True,True
1969,False,True,True,True,True
2008,False,False,True,True,True
2017,False,True,True,True,True
2035,False,False,False,False,False
2059,False,True,True,True,True
2093,True,True,True,True,True
2161,True,True,True,True,True
2164,True,True,True,True,True
2204,True,True,True,True,True
2324,False,True,True,True,True
2352,True,True,True,True,True
2406,False,True,True,True,True
2459,True,True,True,True,True
2483,False,True,True,True,True
2515,True,True,True,True,True
2543,True,True,True,True,True
2544,True,True,True,True,True
2552,False,True,True,True,True
2624,True,True,True,True,True
2648,True,True,True,True,True
2659,False,True,True,True,True
2664,False,True,True,True,True
2681,False,False,True,True,True
2694,False,True,True,True,True
2704,False,True,True,True,True
2707,False,False,True,True,True
2719,False,True,True,True,True
2724,True,True,True,True,True
2729,False,False,True,True,True
2787,False,False,True,True,True
2819,True,True,True,True,True
2900,True,True,True,True,True
2907,False,True,True,True,True
2918,False,True,True,True,True
2943,True,True,True,True,True
2955,True,True,True,True,True
2975,False,True,True,True,True
2985,False,True,True,True,True
3009,False,False,True,True,True
3038,False,True,True,True,True
3116,False,False,True,True,True
3117,True,True,True,True,True
3133,False,True,True,True,True
3190,False,False,True,True,True
3248,False,True,True,True,True
3249,False,True,True,True,True
3304,True,True,True,True,True
3313,False,True,True,True,True
3332,True,True,True,True,True
3358,False,True,True,True,True
3406,False,False,True,True,True
3525,False,False,True,True,True
3545,False,False,False,False,True
3548,False,False,False,False,False
3553,False,True,True,True,True
3556,False,True,True,True,True
3582,False,True,True,True,True
3589,False,False,True,True,True
3590,False,True,True,True,True
3623,False,True,True,True,True
3635,False,True,True,True,True
3648,False,False,False,False,True
3656,True,True,True,True,True
3758,False,True,True,True,True
3853,True,True,True,True,True
3872,False,True,True,True,True
3877,False,True,True,True,True
3879,False,True,True,True,True
3903,False,True,True,True,True
3909,False,True,True,True,True
3912,False,True,True,True,True
3953,False,False,True,True,True
3957,True,True,True,True,True
3992,False,True,True,True,True
3995,True,True,True,True,True
4003,False,True,True,True,True
4098,True,True,True,True,True
4109,False,False,False,True,True
4117,True,True,True,True,True
4118,True,True,True,True,True
4134,False,True,True,True,True
4176,False,False,True,True,True
4178,False,False,True,True,True
4206,True,True,True,True,True
4238,False,False,True,True,True
4239,False,False,True,True,True
4269,False,False,False,False,False
4277,False,False,True,True,True
4315,False,False,True,True,True
4323,True,True,True,True,True
4454,False,False,True,True,True
4464,True,True,True,True,True
4488,False,False,True,True,True
4556,True,True,True,True,True
4575,False,True,True,True,True
4578,False,True,True,True,True
4593,False,False,True,True,True
4602,True,True,True,True,True
4632,True,True,True,True,True
4649,True,True,True,True,True
4680,False,True,True,True,True
4749,False,True,True,True,True
4761,False,False,False,True,True
4764,False,False,False,True,True
4769,False,True,True,True,True
4777,True,True,True,True,True
4793,False,True,True,True,True
4803,True,True,True,True,True
4821,True,True,True,True,True
4822,True,True,True,True,True
4836,False,True,True,True,True
4837,False,True,True,True,True
4879,False,True,True,True,True
4886,False,True,True,True,True
4888,False,True,True,True,True
4892,False,False,False,False,False
4899,False,False,False,True,True
4904,False,True,True,True,True
4920,False,True,True,True,True
4926,False,True,True,True,True
4964,False,True,True,True,True
4997,False,False,True,True,True
5008,False,True,True,True,True
5039,True,True,True,True,True
5074,False,True,True,True,True
5086,False,False,True,True,True
5104,True,True,True,True,True
5124,False,False,True,True,True
5143,False,True,True,True,True
5158,False,False,True,True,True
5166,True,True,True,True,True
5167,True,True,True,True,True
5183,False,False,True,True,True
5278,False,True,True,True,True
5298,False,False,False,False,True
5303,False,True,True,True,True
5329,False,True,True,True,True
5354,False,False,True,True,True
5376,False,True,True,True,True
5382,True,True,True,True,True
5383,True,True,True,True,True
5385,False,False,True,True,True
5396,False,True,True,True,True
5399,False,True,True,True,True
5408,True,True,True,True,True
5461,False,True,True,True,True
5473,True,True,True,True,True
5480,False,True,True,True,True
5501,False,False,True,True,True
5506,False,False,True,True,True
5508,False,False,True,True,True
5518,False,True,True,True,True
5550,False,True,True,True,True
5581,True,True,True,True,True
5582,True,True,True,True,True
5608,False,True,True,True,True
5619,True,True,True,True,True
5632,True,True,True,True,True
5643,True,True,True,True,True
5659,False,True,True,True,True
5664,False,True,True,True,True
5688,False,False,False,False,False
5764,True,True,True,True,True
5775,False,True,True,True,True
5785,False,False,False,True,True
5808,False,True,True,True,True
5810,False,True,True,True,True
5893,True,True,True,True,True
5897,False,True,True,True,True
5959,True,True,True,True,True
5990,True,True,True,True,True
6020,True,True,True,True,True
6103,False,False,True,True,True
6105,False,False,True,True,True
6110,False,False,False,True,True
6169,False,False,True,True,True
6213,True,True,True,True,True
6214,True,True,True,True,True
6267,False,True,True,True,True
6317,False,True,True,True,True
6322,False,True,True,True,True
6346,False,False,True,True,True
6351,True,True,True,True,True
6378,False,True,True,True,True
6410,False,True,True,True,True
6443,False,True,True,True,True
6450,True,True,True,True,True
6454,True,True,True,True,True
6466,False,True,True,True,True
6481,False,True,True,True,True
6494,True,True,True,True,True
6506,False,True,True,True,True
6515,True,True,True,True,True
6528,False,True,True,True,True
6529,False,True,True,True,True
6537,True,True,True,True,True
6538,True,True,True,True,True
6585,True,True,True,True,True
6587,True,True,True,True,True
6588,True,True,True,True,True
6634,True,True,True,True,True
6649,False,True,True,True,True
6664,False,False,True,True,True
6693,False,True,True,True,True
6758,False,False,False,True,True
6759,False,False,False,True,True
6888,True,True,True,True,True
6956,True,True,True,True,True
6964,True,True,True,True,True
6988,False,True,True,True,True
7010,True,True,True,True,True
7055,True,True,True,True,True
7080,False,True,True,True,True
7091,False,True,True,True,True
7097,False,False,True,True,True
7128,False,False,True,True,True
7138,False,False,False,True,True
7144,False,False,True,True,True
7152,False,False,True,True,True
7153,False,False,True,True,True
7158,False,True,True,True,True
7162,False,True,True,True,True
7163,False,True,True,True,True
7165,False,True,True,True,True
7182,False,True,True,True,True
7185,False,True,True,True,True
7278,True,True,True,True,True
7295,True,True,True,True,True
7354,False,True,True,True,True
7378,True,True,True,True,True
7380,False,True,True,True,True
7383,False,True,True,True,True
7402,True,True,True,True,True
7409,False,True,True,True,True
7425,False,False,False,True,True
7440,True,True,True,True,True
7468,True,True,True,True,True
7472,False,False,True,True,True
7492,True,True,True,True,True
7499,True,True,True,True,True
7502,True,True,True,True,True
7503,False,True,True,True,True
7514,False,False,True,True,True
7528,True,True,True,True,True
7539,False,True,True,True,True
7566,False,True,True,True,True
7594,True,True,True,True,True
7643,False,False,False,False,True
7727,False,True,True,True,True
7728,False,True,True,True,True
7754,True,True,True,True,True
7760,True,True,True,True,True
7768,True,True,True,True,True
7769,True,True,True,True,True
7777,True,True,True,True,True
7785,False,True,True,True,True
7858,False,True,True,True,True
7925,False,True,True,True,True
7928,False,True,True,True,True
7967,False,False,False,True,True
8002,True,True,True,True,True
8031,False,True,True,True,True
8065,False,True,True,True,True
8082,False,False,False,False,False
8095,False,True,True,True,True
8148,False,False,False,True,True
8160,True,True,True,True,True
8164,True,True,True,True,True
8189,False,True,True,True,True
8250,False,True,True,True,True
8269,False,False,True,True,True
8305,True,True,True,True,True
8403,True,True,True,True,True
8411,True,True,True,True,True
8429,True,True,True,True,True
8432,True,True,True,True,True
8438,False,True,True,True,True
8439,False,True,True,True,True
8445,False,False,False,False,False
8458,False,True,True,True,True
8468,False,True,True,True,True
8528,True,True,True,True,True
8548,True,True,True,True,True
8574,True,True,True,True,True
8603,True,True,True,True,True
8635,False,True,True,True,True
8637,False,True,True,True,True
8639,False,True,True,True,True
8640,True,True,True,True,True
8652,True,True,True,True,True
8707,True,True,True,True,True
8768,False,True,True,True,True
8771,False,True,True,True,True
8784,False,False,False,False,True
8823,False,True,True,True,True
8852,True,True,True,True,True
8863,False,True,True,True,True
8873,True,True,True,True,True
8917,True,True,True,True,True
8946,False,True,True,True,True
8950,False,False,True,True,True
8958,False,True,True,True,True
8964,False,False,True,True,True
9018,False,True,True,True,True
9024,False,True,True,True,True
9028,False,True,True,True,True
9042,False,True,True,True,True
9135,True,True,True,True,True
9143,False,False,False,False,True
9202,True,True,True,True,True
9204,True,True,True,True,True
9211,False,True,True,True,True
9238,False,True,True,True,True
9240,False,False,True,True,True
9249,False,True,True,True,True
9261,False,False,True,True,True
9268,False,True,True,True,True
9337,False,False,True,True,True
9373,True,True,True,True,True
9380,False,True,True,True,True
9382,False,True,True,True,True
9384,False,True,True,True,True
9406,True,True,True,True,True
9407,True,True,True,True,True
9419,False,False,False,False,True
9423,False,True,True,True,True
9425,False,True,True,True,True
9438,False,True,True,True,True
9442,False,True,True,True,True
9448,False,True,True,True,True
9468,False,True,True,True,True
9471,False,True,True,True,True
9474,False,True,True,True,True
9504,False,True,True,True,True
9569,False,True,True,True,True
9598,False,True,True,True,True
9629,False,True,True,True,True
9687,False,True,True,True,True
9689,False,True,True,True,True
9692,False,False,True,True,True
9728,False,True,True,True,True
9738,False,True,True,True,True
9785,False,True,True,True,True
9819,False,True,True,True,True
9821,False,True,True,True,True
9832,True,True,True,True,True
9854,False,False,True,True,True
9855,False,False,True,True,True
9857,False,False,True,True,True
9868,False,True,True,True,True
9881,False,False,True,True,True
9902,False,False,True,True,True
9904,True,True,True,True,True
9911,False,True,True,True,True
9932,False,True,True,True,True
9934,False,True,True,True,True
9942,False,True,True,True,True
9978,True,True,True,True,True
9983,False,True,True,True,True
10083,True,True,True,True,True
10099,False,False,True,True,True
10102,False,False,True,True,True
10107,False,True,True,True,True
10118,False,True,True,True,True
10121,False,True,True,True,True
10123,False,True,True,True,True
10154,False,False,True,True,True
10169,True,True,True,True,True
10187,False,True,True,True,True
10197,False,True,True,True,True
10212,True,True,True,True,True
10213,True,True,True,True,True
10223,True,True,True,True,True
10250,False,True,True,True,True
10259,False,True,True,True,True
10263,False,False,True,True,True
10275,False,True,True,True,True
10355,False,False,True,True,True
10391,False,True,True,True,True
10399,False,False,True,True,True
10423,False,False,True,True,True
10470,False,False,True,True,True
10480,True,True,True,True,True
10484,True,True,True,True,True
10500,False,True,True,True,True
10516,True,True,True,True,True
10545,False,True,True,True,True
10547,False,True,True,True,True
10548,False,True,True,True,True
10553,True,True,True,True,True
10675,False,False,True,True,True
10686,False,True,True,True,True
10687,False,True,True,True,True
10707,False,True,True,True,True
10711,True,True,True,True,True
10717,False,True,True,True,True
10734,False,True,True,True,True
10755,False,True,True,True,True
10756,False,True,True,True,True
10758,False,True,True,True,True
10807,False,False,False,True,True
10881,False,True,True,True,True
10896,True,True,True,True,True
10912,False,True,True,True,True
10929,True,True,True,True,True
10951,False,False,True,True,True
10952,False,False,True,True,True
10985,False,True,True,True,True
10990,False,True,True,True,True
10997,False,False,False,False,True
10998,False,False,False,False,True
11022,False,True,True,True,True
11038,False,False,True,True,True
11043,False,True,True,True,True
11065,False,False,True,True,True
11097,False,False,True,True,True
11102,False,True,True,True,True
11103,False,True,True,True,True
11126,False,True,True,True,True
11127,False,True,True,True,True
11129,False,True,True,True,True
11142,True,True,True,True,True
11148,True,True,True,True,True
11199,True,True,True,True,True
11207,False,False,False,False,True
11210,False,True,True,True,True
11217,True,True,True,True,True
11264,False,True,True,True,True
11275,False,True,True,True,True
11325,False,True,True,True,True
11329,False,True,True,True,True
11351,True,True,True,True,True
11361,True,True,True,True,True
11377,False,True,True,True,True
11384,False,False,False,True,True
11404,True,True,True,True,True
11438,False,True,True,True,True
11439,False,True,True,True,True
11464,True,True,True,True,True
11465,True,True,True,True,True
11479,False,False,True,True,True
11487,True,True,True,True,True
11501,False,True,True,True,True
11506,False,True,True,True,True
11537,False,False,True,True,True
11562,False,False,False,False,False
11578,False,False,True,True,True
11586,True,True,True,True,True
11698,False,True,True,True,True
11737,False,False,True,True,True
11777,False,True,True,True,True
11779,False,True,True,True,True
11789,False,False,False,True,True
11794,False,True,True,True,True
11808,True,True,True,True,True
11843,False,True,True,True,True
11845,True,True,True,True,True
11893,False,False,True,True,True
11901,False,True,True,True,True
11995,False,True,True,True,True
12012,False,False,False,False,True
12042,False,False,True,True,True
12044,False,False,True,True,True
12054,True,True,True,True,True
12099,True,True,True,True,True
12119,True,True,True,True,True
12139,True,True,True,True,True
12143,False,False,True,True,True
12144,False,False,True,True,True
12187,False,False,False,False,True
12210,False,False,True,True,True
12248,True,True,True,True,True
12282,False,False,True,True,True
12287,False,False,False,True,True
12309,True,True,True,True,True
12329,True,True,True,True,True
12354,True,True,True,True,True
12370,False,True,True,True,True
12382,False,True,True,True,True
12393,False,True,True,True,True
12397,False,True,True,True,True
12398,False,True,True,True,True
12430,True,True,True,True,True
12451,False,False,True,True,True
12477,False,True,True,True,True
12488,True,True,True,True,True
12502,False,False,True,True,True
12538,False,False,True,True,True
12557,False,False,True,True,True
12570,True,True,True,True,True
12573,True,True,True,True,True
12581,False,False,True,True,True
12582,False,False,True,True,True
12592,False,False,False,True,True
12598,False,False,False,False,False
12606,False,True,True,True,True
12636,False,True,True,True,True
12659,True,True,True,True,True
12671,False,False,True,True,True
12693,False,False,True,True,True
12694,False,False,True,True,True
12705,False,True,True,True,True
12763,False,True,True,True,True
12789,False,True,True,True,True
12794,False,True,True,True,True
12811,False,False,True,True,True
12819,True,True,True,True,True
12828,False,False,False,False,True
12842,False,False,True,True,True
12849,True,True,True,True,True
12900,False,False,True,True,True
12918,False,False,True,True,True
12919,False,False,True,True,True
12934,False,True,True,True,True
12939,False,True,True,True,True
12943,False,False,True,True,True
12950,False,False,True,True,True
12999,False,False,True,True,True
13017,False,False,True,True,True
13063,False,True,True,True,True
13064,False,True,True,True,True
13107,False,True,True,True,True
13161,False,True,True,True,True
13162,False,True,True,True,True
13168,True,True,True,True,True
13205,False,False,False,False,True
13215,False,False,False,False,False
13268,True,True,True,True,True
13322,True,True,True,True,True
13342,False,True,True,True,True
13357,False,False,True,True,True
13387,True,True,True,True,True
13464,True,True,True,True,True
13477,True,True,True,True,True
13479,True,True,True,True,True
13495,False,True,True,True,True
13515,True,True,True,True,True
13524,False,True,True,True,True
13528,True,True,True,True,True
13538,True,True,True,True,True
13562,True,True,True,True,True
13583,False,True,True,True,True
13588,False,True,True,True,True
13627,False,True,True,True,True
13653,False,True,True,True,True
13656,False,True,True,True,True
13663,False,False,True,True,True
13714,True,True,True,True,True
13738,True,True,True,True,True
13807,False,False,True,True,True
13811,False,True,True,True,True
13838,False,False,True,True,True
13839,False,False,True,True,True
13893,True,True,True,True,True
13937,False,True,True,True,True
14129,True,True,True,True,True
14239,False,True,True,True,True
14547,True,True,True,True,True
14935,True,True,True,True,True
14967,True,True,True,True,True
15019,False,False,True,True,True
15036,True,True,True,True,True
15044,True,True,True,True,True
15049,False,True,True,True,True
15053,True,True,True,True,True
15058,False,True,True,True,True
15062,False,True,True,True,True
15063,False,True,True,True,True
15068,False,True,True,True,True
15073,True,True,True,True,True
15092,True,True,True,True,True
15106,True,True,True,True,True
15115,False,False,False,False,True
15129,False,True,True,True,True
15143,False,True,True,True,True
15162,False,True,True,True,True
15231,False,True,True,True,True
15235,True,True,True,True,True
15284,True,True,True,True,True
15322,False,False,True,True,True
15325,False,True,True,True,True
15340,False,True,True,True,True
15341,False,True,True,True,True
15377,True,True,True,True,True
15403,True,True,True,True,True
15408,True,True,True,True,True
15474,True,True,True,True,True
15494,False,True,True,True,True
15511,True,True,True,True,True
15527,False,False,True,True,True
15644,False,True,True,True,True
15681,False,True,True,True,True
15686,False,True,True,True,True
15719,True,True,True,True,True
15727,False,False,True,True,True
15728,False,False,True,True,True
15801,False,False,True,True,True
15815,False,False,True,True,True
15819,False,False,True,True,True
15859,False,True,True,True,True
15919,True,True,True,True,True
15960,True,True,True,True,True
15962,True,True,True,True,True
15969,True,True,True,True,True
15987,False,False,True,True,True
16055,False,False,True,True,True
16130,True,True,True,True,True
16132,True,True,True,True,True
16144,True,True,True,True,True
16162,False,True,True,True,True
16176,False,False,True,True,True
16180,True,True,True,True,True
16239,False,True,True,True,True
16250,False,False,True,True,True
16303,False,True,True,True,True
16315,True,True,True,True,True
16318,False,True,True,True,True
16324,False,True,True,True,True
16348,False,True,True,True,True
16353,False,True,True,True,True
16412,True,True,True,True,True
16414,True,True,True,True,True
16507,False,True,True,True,True
16568,False,False,True,True,True
16622,False,False,True,True,True
16660,False,True,True,True,True
16677,True,True,True,True,True
16688,True,True,True,True,True
16797,True,True,True,True,True
16798,True,True,True,True,True
16859,False,True,True,True,True
16868,True,True,True,True,True
16933,False,False,False,True,True
16954,False,False,True,True,True
16956,True,True,True,True,True
16992,False,False,False,False,True
17004,True,True,True,True,True
17020,False,True,True,True,True
17052,False,True,True,True,True
17070,False,True,True,True,True
17074,False,True,True,True,True
17087,True,True,True,True,True
17103,False,True,True,True,True
17109,False,True,True,True,True
17119,False,True,True,True,True
17168,False,False,False,False,True
17211,False,True,True,True,True
17230,True,True,True,True,True
17250,False,True,True,True,True
17343,True,True,True,True,True
17370,True,True,True,True,True
17392,False,True,True,True,True
17445,False,False,True,True,True
17459,False,True,True,True,True
17553,False,False,False,False,True
17573,True,True,True,True,True
17592,False,True,True,True,True
17593,False,True,True,True,True
17653,False,False,True,True,True
17677,False,True,True,True,True
17703,True,True,True,True,True
17768,False,True,True,True,True
17772,True,True,True,True,True
17821,False,False,False,True,True
17881,True,True,True,True,True
17910,True,True,True,True,True
17935,False,True,True,True,True
18044,False,True,True,True,True
18164,True,True,True,True,True
18179,False,True,True,True,True
18281,True,True,True,True,True
18296,True,True,True,True,True
18315,False,False,False,True,True
18318,False,False,False,True,True
18353,False,True,True,True,True
18369,False,True,True,True,True
18462,False,False,True,True,True
18475,False,True,True,True,True
18593,False,True,True,True,True
18598,False,False,True,True,True
18599,False,False,True,True,True
18639,False,False,True,True,True
18714,False,True,True,True,True
18742,True,True,True,True,True
18765,False,True,True,True,True
18777,False,False,True,True,True
18778,False,False,True,True,True
18793,True,True,True,True,True
18803,False,True,True,True,True
18809,False,True,True,True,True
18858,False,True,True,True,True
18880,True,True,True,True,True
18914,False,False,True,True,True
18958,True,True,True,True,True
19020,False,True,True,True,True
19050,False,True,True,True,True
19144,False,False,True,True,True
19151,True,True,True,True,True
19171,False,True,True,True,True
19228,False,True,True,True,True
19258,False,False,False,True,True
