paper_id,arxiv_id_base,source_license_uri,license_class,n_problems
0507039v1,0507039,,legacy-unlabeled,2
0901.1123v1,0901.1123,http://arxiv.org/licenses/nonexclusive-distrib/1.0/,arxiv-nonexclusive,2
1003.5309v1,1003.5309,http://arxiv.org/licenses/nonexclusive-distrib/1.0/,arxiv-nonexclusive,7
1004.1997v1,1004.1997,http://arxiv.org/licenses/nonexclusive-distrib/1.0/,arxiv-nonexclusive,9
1006.3537v1,1006.3537,http://arxiv.org/licenses/nonexclusive-distrib/1.0/,arxiv-nonexclusive,7
1006.3919v1,1006.3919,http://arxiv.org/licenses/nonexclusive-distrib/1.0/,arxiv-nonexclusive,1
1008.1380v1,1008.1380,http://arxiv.org/licenses/nonexclusive-distrib/1.0/,arxiv-nonexclusive,5
1107.0234v1,1107.0234,http://arxiv.org/licenses/nonexclusive-distrib/1.0/,arxiv-nonexclusive,6
1112.3972v1,1112.3972,http://arxiv.org/licenses/nonexclusive-distrib/1.0/,arxiv-nonexclusive,2
1301.1215v1,1301.1215,http://arxiv.org/licenses/nonexclusive-distrib/1.0/,arxiv-nonexclusive,6
1410.0956v1,1410.0956,http://arxiv.org/licenses/nonexclusive-distrib/1.0/,arxiv-nonexclusive,5
1410.5076v2,1410.5076,http://arxiv.org/licenses/nonexclusive-distrib/1.0/,arxiv-nonexclusive,7
1412.2385v1,1412.2385,http://creativecommons.org/licenses/by/3.0/,cc-by,2
1508.00691v1,1508.00691,http://arxiv.org/licenses/nonexclusive-distrib/1.0/,arxiv-nonexclusive,10
1509.02664v1,1509.02664,http://arxiv.org/licenses/nonexclusive-distrib/1.0/,arxiv-nonexclusive,4
1605.00971v2,1605.00971,http://arxiv.org/licenses/nonexclusive-distrib/1.0/,arxiv-nonexclusive,1
1611.03226v1,1611.03226,http://arxiv.org/licenses/nonexclusive-distrib/1.0/,arxiv-nonexclusive,3
1611.08938v1,1611.08938,http://arxiv.org/licenses/nonexclusive-distrib/1.0/,arxiv-nonexclusive,5
1706.03721v1,1706.03721,http://arxiv.org/licenses/nonexclusive-distrib/1.0/,arxiv-nonexclusive,11
1708.03792v1,1708.03792,http://arxiv.org/licenses/nonexclusive-distrib/1.0/,arxiv-nonexclusive,21
1801.05868v1,1801.05868,http://arxiv.org/licenses/nonexclusive-distrib/1.0/,arxiv-nonexclusive,4
1810.09958v1,1810.09958,http://arxiv.org/licenses/nonexclusive-distrib/1.0/,arxiv-nonexclusive,3
1901.03641v1,1901.03641,http://arxiv.org/licenses/nonexclusive-distrib/1.0/,arxiv-nonexclusive,2
1902.07860v1,1902.07860,http://arxiv.org/licenses/nonexclusive-distrib/1.0/,arxiv-nonexclusive,1
1903.01794v1,1903.01794,http://arxiv.org/licenses/nonexclusive-distrib/1.0/,arxiv-nonexclusive,1
1903.04243v1,1903.04243,http://arxiv.org/licenses/nonexclusive-distrib/1.0/,arxiv-nonexclusive,5
1905.07607v1,1905.07607,http://arxiv.org/licenses/nonexclusive-distrib/1.0/,arxiv-nonexclusive,5
1906.05153v3,1906.05153,http://creativecommons.org/licenses/by/4.0/,cc-by,6
1912.07860v1,1912.07860,http://arxiv.org/licenses/nonexclusive-distrib/1.0/,arxiv-nonexclusive,3
2003.03674v3,2003.03674,http://arxiv.org/licenses/nonexclusive-distrib/1.0/,arxiv-nonexclusive,1
2004.14850v1,2004.14850,http://creativecommons.org/licenses/by/4.0/,cc-by,3
2006.12238v1,2006.12238,http://arxiv.org/licenses/nonexclusive-distrib/1.0/,arxiv-nonexclusive,4
2006.13087v1,2006.13087,http://arxiv.org/licenses/nonexclusive-distrib/1.0/,arxiv-nonexclusive,4
2009.00669v3,2009.00669,http://arxiv.org/licenses/nonexclusive-distrib/1.0/,arxiv-nonexclusive,4
2009.02542v1,2009.02542,http://arxiv.org/licenses/nonexclusive-distrib/1.0/,arxiv-nonexclusive,2
2009.08346v2,2009.08346,http://arxiv.org/licenses/nonexclusive-distrib/1.0/,arxiv-nonexclusive,5
2009.09380v1,2009.09380,http://arxiv.org/licenses/nonexclusive-distrib/1.0/,arxiv-nonexclusive,9
2009.12533v1,2009.12533,http://arxiv.org/licenses/nonexclusive-distrib/1.0/,arxiv-nonexclusive,3
2010.00098v2,2010.00098,http://creativecommons.org/licenses/by-sa/4.0/,cc-by-sa,1
2010.01002v1,2010.01002,http://arxiv.org/licenses/nonexclusive-distrib/1.0/,arxiv-nonexclusive,9
2010.03413v1,2010.03413,http://arxiv.org/licenses/nonexclusive-distrib/1.0/,arxiv-nonexclusive,9
2010.07052v3,2010.07052,http://arxiv.org/licenses/nonexclusive-distrib/1.0/,arxiv-nonexclusive,1
2010.07216v1,2010.07216,http://arxiv.org/licenses/nonexclusive-distrib/1.0/,arxiv-nonexclusive,3
2010.11840v1,2010.11840,http://arxiv.org/licenses/nonexclusive-distrib/1.0/,arxiv-nonexclusive,5
2010.13171v1,2010.13171,http://arxiv.org/licenses/nonexclusive-distrib/1.0/,arxiv-nonexclusive,8
2010.14825v1,2010.14825,http://arxiv.org/licenses/nonexclusive-distrib/1.0/,arxiv-nonexclusive,4
2011.01920v1,2011.01920,http://arxiv.org/licenses/nonexclusive-distrib/1.0/,arxiv-nonexclusive,5
2012.01726v1,2012.01726,http://arxiv.org/licenses/nonexclusive-distrib/1.0/,arxiv-nonexclusive,5
2012.02768v1,2012.02768,http://creativecommons.org/licenses/by/4.0/,cc-by,5
2012.07034v1,2012.07034,http://creativecommons.org/licenses/by/4.0/,cc-by,13
2012.08173v1,2012.08173,http://arxiv.org/licenses/nonexclusive-distrib/1.0/,arxiv-nonexclusive,2
2012.12843v2,2012.12843,http://creativecommons.org/licenses/by/4.0/,cc-by,3
2012.13923v1,2012.13923,http://creativecommons.org/licenses/by/4.0/,cc-by,3
2012.14066v1,2012.14066,http://arxiv.org/licenses/nonexclusive-distrib/1.0/,arxiv-nonexclusive,1
2101.04249v2,2101.04249,http://creativecommons.org/licenses/by-nc-nd/4.0/,cc-by-nc-nd,12
2101.05215v1,2101.05215,http://creativecommons.org/licenses/by-nc-nd/4.0/,cc-by-nc-nd,1
2101.06016v1,2101.06016,http://arxiv.org/licenses/nonexclusive-distrib/1.0/,arxiv-nonexclusive,7
2101.06948v1,2101.06948,http://arxiv.org/licenses/nonexclusive-distrib/1.0/,arxiv-nonexclusive,3
2101.09137v2,2101.09137,http://arxiv.org/licenses/nonexclusive-distrib/1.0/,arxiv-nonexclusive,5
2101.09672v1,2101.09672,http://creativecommons.org/licenses/by/4.0/,cc-by,6
2102.00990v2,2102.00990,http://arxiv.org/licenses/nonexclusive-distrib/1.0/,arxiv-nonexclusive,3
2102.03040v1,2102.03040,http://creativecommons.org/licenses/by/4.0/,cc-by,6
2102.07166v4,2102.07166,http://creativecommons.org/licenses/by/4.0/,cc-by,1
2102.09001v1,2102.09001,http://creativecommons.org/licenses/by/4.0/,cc-by,1
2102.09527v2,2102.09527,http://creativecommons.org/licenses/by/4.0/,cc-by,6
2103.00971v1,2103.00971,http://arxiv.org/licenses/nonexclusive-distrib/1.0/,arxiv-nonexclusive,1
2103.09156v2,2103.09156,http://arxiv.org/licenses/nonexclusive-distrib/1.0/,arxiv-nonexclusive,1
2103.09694v1,2103.09694,http://creativecommons.org/licenses/by/4.0/,cc-by,7
2103.12192v2,2103.12192,http://creativecommons.org/licenses/by-nc-sa/4.0/,cc-by-nc-sa,4
2103.12415v2,2103.12415,http://creativecommons.org/licenses/by-nc-nd/4.0/,cc-by-nc-nd,2
2103.15733v1,2103.15733,http://arxiv.org/licenses/nonexclusive-distrib/1.0/,arxiv-nonexclusive,6
2103.15757v1,2103.15757,http://creativecommons.org/licenses/by-nc-sa/4.0/,cc-by-nc-sa,11
2104.01402v1,2104.01402,http://creativecommons.org/licenses/by-nc-nd/4.0/,cc-by-nc-nd,3
2104.03131v1,2104.03131,http://arxiv.org/licenses/nonexclusive-distrib/1.0/,arxiv-nonexclusive,6
2104.06614v1,2104.06614,http://creativecommons.org/licenses/by/4.0/,cc-by,4
2104.15132v3,2104.15132,http://creativecommons.org/licenses/by-nc-nd/4.0/,cc-by-nc-nd,8
2105.04107v3,2105.04107,http://arxiv.org/licenses/nonexclusive-distrib/1.0/,arxiv-nonexclusive,5
2105.08158v2,2105.08158,http://creativecommons.org/licenses/by/4.0/,cc-by,4
2105.11834v1,2105.11834,http://arxiv.org/licenses/nonexclusive-distrib/1.0/,arxiv-nonexclusive,6
2105.12265v1,2105.12265,http://creativecommons.org/licenses/by/4.0/,cc-by,6
2106.04636v1,2106.04636,http://arxiv.org/licenses/nonexclusive-distrib/1.0/,arxiv-nonexclusive,2
2106.05016v1,2106.05016,http://creativecommons.org/licenses/by/4.0/,cc-by,2
2106.16079v1,2106.16079,http://arxiv.org/licenses/nonexclusive-distrib/1.0/,arxiv-nonexclusive,4
2106.16144v1,2106.16144,http://arxiv.org/licenses/nonexclusive-distrib/1.0/,arxiv-nonexclusive,3
2107.01582v1,2107.01582,http://arxiv.org/licenses/nonexclusive-distrib/1.0/,arxiv-nonexclusive,7
2107.02431v1,2107.02431,http://creativecommons.org/licenses/by/4.0/,cc-by,3
2107.03434v2,2107.03434,http://arxiv.org/licenses/nonexclusive-distrib/1.0/,arxiv-nonexclusive,9
2107.05991v1,2107.05991,http://creativecommons.org/licenses/by/4.0/,cc-by,1
2107.06181v1,2107.06181,http://creativecommons.org/licenses/by-sa/4.0/,cc-by-sa,6
2107.07716v1,2107.07716,http://creativecommons.org/licenses/by-nc-nd/4.0/,cc-by-nc-nd,1
2107.07782v1,2107.07782,http://creativecommons.org/licenses/by/4.0/,cc-by,3
2107.14356v1,2107.14356,http://creativecommons.org/licenses/by/4.0/,cc-by,1
2108.07165v1,2108.07165,http://arxiv.org/licenses/nonexclusive-distrib/1.0/,arxiv-nonexclusive,6
2108.10414v1,2108.10414,http://arxiv.org/licenses/nonexclusive-distrib/1.0/,arxiv-nonexclusive,7
2108.10535v2,2108.10535,http://creativecommons.org/licenses/by-nc-nd/4.0/,cc-by-nc-nd,1
2108.11123v1,2108.11123,http://arxiv.org/licenses/nonexclusive-distrib/1.0/,arxiv-nonexclusive,9
2108.11365v1,2108.11365,http://creativecommons.org/licenses/by/4.0/,cc-by,1
2108.11697v1,2108.11697,http://arxiv.org/licenses/nonexclusive-distrib/1.0/,arxiv-nonexclusive,5
2108.11879v1,2108.11879,http://creativecommons.org/publicdomain/zero/1.0/,cc0,1
2108.11979v1,2108.11979,http://creativecommons.org/licenses/by/4.0/,cc-by,6
2109.00154v3,2109.00154,http://arxiv.org/licenses/nonexclusive-distrib/1.0/,arxiv-nonexclusive,1
2109.04354v2,2109.04354,http://creativecommons.org/licenses/by/4.0/,cc-by,6
2109.07729v1,2109.07729,http://creativecommons.org/licenses/by/4.0/,cc-by,2
2109.11774v2,2109.11774,http://creativecommons.org/licenses/by/4.0/,cc-by,5
2109.12711v1,2109.12711,http://arxiv.org/licenses/nonexclusive-distrib/1.0/,arxiv-nonexclusive,6
2110.09012v3,2110.09012,http://creativecommons.org/licenses/by/4.0/,cc-by,2
2110.12224v2,2110.12224,http://arxiv.org/licenses/nonexclusive-distrib/1.0/,arxiv-nonexclusive,5
2110.14112v1,2110.14112,http://creativecommons.org/licenses/by/4.0/,cc-by,8
2110.14128v1,2110.14128,http://creativecommons.org/licenses/by/4.0/,cc-by,8
2110.14345v1,2110.14345,http://creativecommons.org/licenses/by/4.0/,cc-by,2
2110.14585v2,2110.14585,http://creativecommons.org/licenses/by-nc-nd/4.0/,cc-by-nc-nd,10
2111.09413v1,2111.09413,http://arxiv.org/licenses/nonexclusive-distrib/1.0/,arxiv-nonexclusive,11
2111.09676v1,2111.09676,http://creativecommons.org/licenses/by/4.0/,cc-by,4
2111.11650v2,2111.11650,http://arxiv.org/licenses/nonexclusive-distrib/1.0/,arxiv-nonexclusive,3
2111.15301v1,2111.15301,http://creativecommons.org/licenses/by/4.0/,cc-by,3
2111.15630v1,2111.15630,http://creativecommons.org/licenses/by/4.0/,cc-by,6
2112.00633v1,2112.00633,http://creativecommons.org/licenses/by/4.0/,cc-by,10
2112.08861v2,2112.08861,http://creativecommons.org/licenses/by-nc-nd/4.0/,cc-by-nc-nd,3
2201.02408v3,2201.02408,http://creativecommons.org/licenses/by-nc-sa/4.0/,cc-by-nc-sa,1
2201.03709v1,2201.03709,http://creativecommons.org/licenses/by/4.0/,cc-by,8
2201.05524v1,2201.05524,http://arxiv.org/licenses/nonexclusive-distrib/1.0/,arxiv-nonexclusive,3
2201.09228v2,2201.09228,http://arxiv.org/licenses/nonexclusive-distrib/1.0/,arxiv-nonexclusive,2
2202.01946v1,2202.01946,http://arxiv.org/licenses/nonexclusive-distrib/1.0/,arxiv-nonexclusive,6
2202.02515v1,2202.02515,http://arxiv.org/licenses/nonexclusive-distrib/1.0/,arxiv-nonexclusive,2
2202.08448v1,2202.08448,http://arxiv.org/licenses/nonexclusive-distrib/1.0/,arxiv-nonexclusive,8
2202.08742v1,2202.08742,http://creativecommons.org/licenses/by/4.0/,cc-by,9
2202.10635v1,2202.10635,http://arxiv.org/licenses/nonexclusive-distrib/1.0/,arxiv-nonexclusive,1
2202.11696v1,2202.11696,http://arxiv.org/licenses/nonexclusive-distrib/1.0/,arxiv-nonexclusive,5
2203.04032v1,2203.04032,http://arxiv.org/licenses/nonexclusive-distrib/1.0/,arxiv-nonexclusive,6
2203.04090v3,2203.04090,http://creativecommons.org/licenses/by-nc-nd/4.0/,cc-by-nc-nd,6
2203.05152v1,2203.05152,http://arxiv.org/licenses/nonexclusive-distrib/1.0/,arxiv-nonexclusive,7
2203.10534v1,2203.10534,http://creativecommons.org/licenses/by-nc-sa/4.0/,cc-by-nc-sa,5
2203.10783v1,2203.10783,http://arxiv.org/licenses/nonexclusive-distrib/1.0/,arxiv-nonexclusive,8
2203.12715v1,2203.12715,http://arxiv.org/licenses/nonexclusive-distrib/1.0/,arxiv-nonexclusive,4
2203.13621v2,2203.13621,http://arxiv.org/licenses/nonexclusive-distrib/1.0/,arxiv-nonexclusive,5
2204.01097v1,2204.01097,http://creativecommons.org/licenses/by-nc-sa/4.0/,cc-by-nc-sa,2
2204.07037v2,2204.07037,http://creativecommons.org/licenses/by-nc-nd/4.0/,cc-by-nc-nd,8
2204.09447v1,2204.09447,http://creativecommons.org/licenses/by/4.0/,cc-by,4
2205.03182v1,2205.03182,http://arxiv.org/licenses/nonexclusive-distrib/1.0/,arxiv-nonexclusive,4
2205.03561v1,2205.03561,http://arxiv.org/licenses/nonexclusive-distrib/1.0/,arxiv-nonexclusive,1
2205.05036v1,2205.05036,http://creativecommons.org/licenses/by/4.0/,cc-by,6
2205.12073v2,2205.12073,http://arxiv.org/licenses/nonexclusive-distrib/1.0/,arxiv-nonexclusive,4
2205.12155v2,2205.12155,http://creativecommons.org/licenses/by-nc-sa/4.0/,cc-by-nc-sa,9
2205.12207v1,2205.12207,http://creativecommons.org/licenses/by-nc-nd/4.0/,cc-by-nc-nd,3
2206.01228v1,2206.01228,http://creativecommons.org/licenses/by-sa/4.0/,cc-by-sa,5
2206.02109v2,2206.02109,http://arxiv.org/licenses/nonexclusive-distrib/1.0/,arxiv-nonexclusive,3
2206.02308v1,2206.02308,http://creativecommons.org/licenses/by-nc-nd/4.0/,cc-by-nc-nd,6
2206.03108v1,2206.03108,http://arxiv.org/licenses/nonexclusive-distrib/1.0/,arxiv-nonexclusive,6
2206.03250v1,2206.03250,http://arxiv.org/licenses/nonexclusive-distrib/1.0/,arxiv-nonexclusive,9
2206.04498v1,2206.04498,http://creativecommons.org/licenses/by/4.0/,cc-by,6
2206.05427v1,2206.05427,http://creativecommons.org/licenses/by/4.0/,cc-by,3
2206.07987v2,2206.07987,http://arxiv.org/licenses/nonexclusive-distrib/1.0/,arxiv-nonexclusive,1
2206.08306v1,2206.08306,http://creativecommons.org/licenses/by-nc-nd/4.0/,cc-by-nc-nd,2
2206.13007v1,2206.13007,http://arxiv.org/licenses/nonexclusive-distrib/1.0/,arxiv-nonexclusive,4
2206.13882v1,2206.13882,http://arxiv.org/licenses/nonexclusive-distrib/1.0/,arxiv-nonexclusive,1
2207.00264v1,2207.00264,http://creativecommons.org/licenses/by-nc-sa/4.0/,cc-by-nc-sa,4
2207.02563v1,2207.02563,http://creativecommons.org/licenses/by-sa/4.0/,cc-by-sa,4
2207.03001v1,2207.03001,http://arxiv.org/licenses/nonexclusive-distrib/1.0/,arxiv-nonexclusive,6
2207.04744v1,2207.04744,http://creativecommons.org/licenses/by-nc-nd/4.0/,cc-by-nc-nd,3
2207.04847v1,2207.04847,http://arxiv.org/licenses/nonexclusive-distrib/1.0/,arxiv-nonexclusive,3
2207.07050v1,2207.07050,http://creativecommons.org/licenses/by/4.0/,cc-by,1
2207.07493v4,2207.07493,http://arxiv.org/licenses/nonexclusive-distrib/1.0/,arxiv-nonexclusive,5
2207.07999v1,2207.07999,http://arxiv.org/licenses/nonexclusive-distrib/1.0/,arxiv-nonexclusive,5
2207.08737v2,2207.08737,http://arxiv.org/licenses/nonexclusive-distrib/1.0/,arxiv-nonexclusive,16
2207.11021v1,2207.11021,http://creativecommons.org/licenses/by/4.0/,cc-by,5
2208.06881v1,2208.06881,http://creativecommons.org/licenses/by-nc-sa/4.0/,cc-by-nc-sa,3
2208.07045v1,2208.07045,http://arxiv.org/licenses/nonexclusive-distrib/1.0/,arxiv-nonexclusive,2
2208.07528v1,2208.07528,http://creativecommons.org/licenses/by/4.0/,cc-by,3
2208.10112v1,2208.10112,http://creativecommons.org/licenses/by/4.0/,cc-by,7
2208.10653v1,2208.10653,http://arxiv.org/licenses/nonexclusive-distrib/1.0/,arxiv-nonexclusive,11
2208.11967v1,2208.11967,http://creativecommons.org/licenses/by/4.0/,cc-by,2
2208.13260v1,2208.13260,http://creativecommons.org/licenses/by/4.0/,cc-by,7
2208.14538v1,2208.14538,http://creativecommons.org/licenses/by/4.0/,cc-by,5
2209.01108v1,2209.01108,http://arxiv.org/licenses/nonexclusive-distrib/1.0/,arxiv-nonexclusive,4
2209.01562v1,2209.01562,http://creativecommons.org/licenses/by/4.0/,cc-by,3
2209.02021v5,2209.02021,http://arxiv.org/licenses/nonexclusive-distrib/1.0/,arxiv-nonexclusive,4
2209.02633v3,2209.02633,http://arxiv.org/licenses/nonexclusive-distrib/1.0/,arxiv-nonexclusive,4
2209.04496v1,2209.04496,http://creativecommons.org/licenses/by/4.0/,cc-by,1
2209.05783v2,2209.05783,http://creativecommons.org/licenses/by/4.0/,cc-by,2
2209.06566v2,2209.06566,http://arxiv.org/licenses/nonexclusive-distrib/1.0/,arxiv-nonexclusive,4
2209.11483v3,2209.11483,http://creativecommons.org/licenses/by-nc-nd/4.0/,cc-by-nc-nd,6
2209.12253v3,2209.12253,http://arxiv.org/licenses/nonexclusive-distrib/1.0/,arxiv-nonexclusive,4
2210.05055v3,2210.05055,http://creativecommons.org/licenses/by/4.0/,cc-by,5
2210.08829v1,2210.08829,http://arxiv.org/licenses/nonexclusive-distrib/1.0/,arxiv-nonexclusive,5
2210.14152v3,2210.14152,http://arxiv.org/licenses/nonexclusive-distrib/1.0/,arxiv-nonexclusive,1
2210.17530v1,2210.17530,http://arxiv.org/licenses/nonexclusive-distrib/1.0/,arxiv-nonexclusive,5
2211.09599v1,2211.09599,http://arxiv.org/licenses/nonexclusive-distrib/1.0/,arxiv-nonexclusive,3
2211.10014v1,2211.10014,http://creativecommons.org/licenses/by-nc-nd/4.0/,cc-by-nc-nd,5
2211.11180v2,2211.11180,http://arxiv.org/licenses/nonexclusive-distrib/1.0/,arxiv-nonexclusive,2
2211.12955v2,2211.12955,http://creativecommons.org/licenses/by/4.0/,cc-by,3
2211.15990v1,2211.15990,http://creativecommons.org/licenses/by-sa/4.0/,cc-by-sa,9
2212.04061v1,2212.04061,http://arxiv.org/licenses/nonexclusive-distrib/1.0/,arxiv-nonexclusive,1
2212.07950v1,2212.07950,http://creativecommons.org/licenses/by-nc-sa/4.0/,cc-by-nc-sa,7
2212.10748v1,2212.10748,http://arxiv.org/licenses/nonexclusive-distrib/1.0/,arxiv-nonexclusive,6
2301.03857v3,2301.03857,http://arxiv.org/licenses/nonexclusive-distrib/1.0/,arxiv-nonexclusive,5
2301.07560v2,2301.07560,http://creativecommons.org/licenses/by-nc-sa/4.0/,cc-by-nc-sa,2
2301.11557v1,2301.11557,http://creativecommons.org/licenses/by/4.0/,cc-by,7
2301.13729v1,2301.13729,http://creativecommons.org/licenses/by-nc-sa/4.0/,cc-by-nc-sa,2
2302.00156v1,2302.00156,http://creativecommons.org/licenses/by-nc-nd/4.0/,cc-by-nc-nd,3
2302.02711v2,2302.02711,http://creativecommons.org/licenses/by/4.0/,cc-by,3
2302.05439v1,2302.05439,http://arxiv.org/licenses/nonexclusive-distrib/1.0/,arxiv-nonexclusive,1
2302.11204v2,2302.11204,http://creativecommons.org/licenses/by-nc-sa/4.0/,cc-by-nc-sa,6
2303.02850v2,2303.02850,http://creativecommons.org/licenses/by/4.0/,cc-by,17
2303.03287v2,2303.03287,http://arxiv.org/licenses/nonexclusive-distrib/1.0/,arxiv-nonexclusive,2
2303.07456v1,2303.07456,http://creativecommons.org/licenses/by/4.0/,cc-by,5
2303.14351v1,2303.14351,http://arxiv.org/licenses/nonexclusive-distrib/1.0/,arxiv-nonexclusive,7
2304.00744v1,2304.00744,http://creativecommons.org/publicdomain/zero/1.0/,cc0,3
2304.01510v2,2304.01510,http://creativecommons.org/licenses/by/4.0/,cc-by,12
2304.03594v1,2304.03594,http://creativecommons.org/licenses/by-nc-nd/4.0/,cc-by-nc-nd,9
2304.06988v1,2304.06988,http://creativecommons.org/licenses/by/4.0/,cc-by,8
2304.07813v1,2304.07813,http://creativecommons.org/publicdomain/zero/1.0/,cc0,8
2304.08789v3,2304.08789,http://creativecommons.org/licenses/by-nc-nd/4.0/,cc-by-nc-nd,1
2304.11464v2,2304.11464,http://creativecommons.org/licenses/by/4.0/,cc-by,4
2304.14232v4,2304.14232,http://arxiv.org/licenses/nonexclusive-distrib/1.0/,arxiv-nonexclusive,7
2305.02074v2,2305.02074,http://arxiv.org/licenses/nonexclusive-distrib/1.0/,arxiv-nonexclusive,9
2305.03189v1,2305.03189,http://arxiv.org/licenses/nonexclusive-distrib/1.0/,arxiv-nonexclusive,1
2305.03704v1,2305.03704,http://arxiv.org/licenses/nonexclusive-distrib/1.0/,arxiv-nonexclusive,2
2305.10184v1,2305.10184,http://arxiv.org/licenses/nonexclusive-distrib/1.0/,arxiv-nonexclusive,4
2305.10302v1,2305.10302,http://arxiv.org/licenses/nonexclusive-distrib/1.0/,arxiv-nonexclusive,2
2305.13706v2,2305.13706,http://creativecommons.org/licenses/by/4.0/,cc-by,8
2305.13810v1,2305.13810,http://creativecommons.org/licenses/by/4.0/,cc-by,8
2305.16105v1,2305.16105,http://arxiv.org/licenses/nonexclusive-distrib/1.0/,arxiv-nonexclusive,1
2305.16288v2,2305.16288,http://creativecommons.org/licenses/by-nc-nd/4.0/,cc-by-nc-nd,4
2305.17575v1,2305.17575,http://creativecommons.org/licenses/by-nc-nd/4.0/,cc-by-nc-nd,4
2305.18309v1,2305.18309,http://arxiv.org/licenses/nonexclusive-distrib/1.0/,arxiv-nonexclusive,1
2306.00544v3,2306.00544,http://arxiv.org/licenses/nonexclusive-distrib/1.0/,arxiv-nonexclusive,8
2306.01894v2,2306.01894,http://creativecommons.org/licenses/by-nc-sa/4.0/,cc-by-nc-sa,8
2306.02911v2,2306.02911,http://creativecommons.org/publicdomain/zero/1.0/,cc0,5
2306.06404v1,2306.06404,http://arxiv.org/licenses/nonexclusive-distrib/1.0/,arxiv-nonexclusive,6
2306.06664v1,2306.06664,http://creativecommons.org/licenses/by/4.0/,cc-by,3
2306.08532v1,2306.08532,http://arxiv.org/licenses/nonexclusive-distrib/1.0/,arxiv-nonexclusive,14
2306.09164v1,2306.09164,http://creativecommons.org/licenses/by/4.0/,cc-by,1
2306.12228v1,2306.12228,http://creativecommons.org/licenses/by-nc-sa/4.0/,cc-by-nc-sa,10
2306.15590v2,2306.15590,http://arxiv.org/licenses/nonexclusive-distrib/1.0/,arxiv-nonexclusive,4
2307.00969v1,2307.00969,http://creativecommons.org/licenses/by/4.0/,cc-by,1
2307.06442v2,2307.06442,http://creativecommons.org/licenses/by-nc-nd/4.0/,cc-by-nc-nd,3
2307.07201v1,2307.07201,http://creativecommons.org/licenses/by-nc-nd/4.0/,cc-by-nc-nd,1
2307.08474v1,2307.08474,http://arxiv.org/licenses/nonexclusive-distrib/1.0/,arxiv-nonexclusive,2
2307.11181v1,2307.11181,http://arxiv.org/licenses/nonexclusive-distrib/1.0/,arxiv-nonexclusive,1
2308.04003v2,2308.04003,http://arxiv.org/licenses/nonexclusive-distrib/1.0/,arxiv-nonexclusive,1
2308.05315v1,2308.05315,http://arxiv.org/licenses/nonexclusive-distrib/1.0/,arxiv-nonexclusive,2
2308.07646v1,2308.07646,http://creativecommons.org/licenses/by/4.0/,cc-by,5
2308.08946v2,2308.08946,http://arxiv.org/licenses/nonexclusive-distrib/1.0/,arxiv-nonexclusive,1
2308.11152v1,2308.11152,http://creativecommons.org/licenses/by-nc-sa/4.0/,cc-by-nc-sa,2
2308.13268v1,2308.13268,http://creativecommons.org/licenses/by/4.0/,cc-by,13
2308.15696v1,2308.15696,http://arxiv.org/licenses/nonexclusive-distrib/1.0/,arxiv-nonexclusive,9
2309.04161v2,2309.04161,http://arxiv.org/licenses/nonexclusive-distrib/1.0/,arxiv-nonexclusive,5
2309.04549v1,2309.04549,http://arxiv.org/licenses/nonexclusive-distrib/1.0/,arxiv-nonexclusive,3
2309.04998v3,2309.04998,http://arxiv.org/licenses/nonexclusive-distrib/1.0/,arxiv-nonexclusive,4
2309.08844v1,2309.08844,http://arxiv.org/licenses/nonexclusive-distrib/1.0/,arxiv-nonexclusive,11
2309.08995v1,2309.08995,http://creativecommons.org/licenses/by/4.0/,cc-by,20
2309.11917v2,2309.11917,http://arxiv.org/licenses/nonexclusive-distrib/1.0/,arxiv-nonexclusive,5
2309.12200v1,2309.12200,http://creativecommons.org/licenses/by/4.0/,cc-by,1
2309.13545v1,2309.13545,http://arxiv.org/licenses/nonexclusive-distrib/1.0/,arxiv-nonexclusive,3
2309.14971v1,2309.14971,http://creativecommons.org/licenses/by-nc-sa/4.0/,cc-by-nc-sa,3
2309.15483v1,2309.15483,http://creativecommons.org/licenses/by/4.0/,cc-by,3
2310.03969v1,2310.03969,http://creativecommons.org/licenses/by/4.0/,cc-by,8
2310.05271v1,2310.05271,http://creativecommons.org/licenses/by/4.0/,cc-by,6
2310.06532v1,2310.06532,http://creativecommons.org/licenses/by-nc-nd/4.0/,cc-by-nc-nd,5
2310.06604v2,2310.06604,http://arxiv.org/licenses/nonexclusive-distrib/1.0/,arxiv-nonexclusive,5
2310.07853v1,2310.07853,http://arxiv.org/licenses/nonexclusive-distrib/1.0/,arxiv-nonexclusive,8
2310.15529v1,2310.15529,http://creativecommons.org/licenses/by/4.0/,cc-by,8
2310.16765v1,2310.16765,http://arxiv.org/licenses/nonexclusive-distrib/1.0/,arxiv-nonexclusive,3
2310.18180v1,2310.18180,http://arxiv.org/licenses/nonexclusive-distrib/1.0/,arxiv-nonexclusive,7
2311.01334v1,2311.01334,http://creativecommons.org/licenses/by-nc-sa/4.0/,cc-by-nc-sa,5
2311.02884v1,2311.02884,http://arxiv.org/licenses/nonexclusive-distrib/1.0/,arxiv-nonexclusive,1
2311.03741v3,2311.03741,http://creativecommons.org/licenses/by/4.0/,cc-by,7
2311.05712v1,2311.05712,http://creativecommons.org/licenses/by/4.0/,cc-by,11
2311.07199v2,2311.07199,http://creativecommons.org/licenses/by/4.0/,cc-by,8
2311.08840v1,2311.08840,http://creativecommons.org/licenses/by/4.0/,cc-by,5
2311.12273v1,2311.12273,http://arxiv.org/licenses/nonexclusive-distrib/1.0/,arxiv-nonexclusive,4
2312.03255v1,2312.03255,http://creativecommons.org/licenses/by-nc-nd/4.0/,cc-by-nc-nd,4
2312.04418v2,2312.04418,http://arxiv.org/licenses/nonexclusive-distrib/1.0/,arxiv-nonexclusive,3
2312.04688v1,2312.04688,http://creativecommons.org/licenses/by/4.0/,cc-by,3
2312.04805v1,2312.04805,http://arxiv.org/licenses/nonexclusive-distrib/1.0/,arxiv-nonexclusive,1
2312.05768v1,2312.05768,http://creativecommons.org/licenses/by-nc-sa/4.0/,cc-by-nc-sa,3
2312.07288v3,2312.07288,http://creativecommons.org/licenses/by/4.0/,cc-by,2
2312.08162v1,2312.08162,http://arxiv.org/licenses/nonexclusive-distrib/1.0/,arxiv-nonexclusive,2
2312.08599v1,2312.08599,http://arxiv.org/licenses/nonexclusive-distrib/1.0/,arxiv-nonexclusive,5
2312.09467v1,2312.09467,http://creativecommons.org/licenses/by-nc-nd/4.0/,cc-by-nc-nd,2
2312.13013v2,2312.13013,http://arxiv.org/licenses/nonexclusive-distrib/1.0/,arxiv-nonexclusive,1
2312.13045v1,2312.13045,http://arxiv.org/licenses/nonexclusive-distrib/1.0/,arxiv-nonexclusive,4
2312.13683v1,2312.13683,http://arxiv.org/licenses/nonexclusive-distrib/1.0/,arxiv-nonexclusive,3
2312.16874v2,2312.16874,http://creativecommons.org/licenses/by/4.0/,cc-by,1
2312.16918v3,2312.16918,http://arxiv.org/licenses/nonexclusive-distrib/1.0/,arxiv-nonexclusive,4
2401.01007v1,2401.01007,http://arxiv.org/licenses/nonexclusive-distrib/1.0/,arxiv-nonexclusive,2
2401.01504v1,2401.01504,http://creativecommons.org/licenses/by-nc-sa/4.0/,cc-by-nc-sa,2
2401.05164v1,2401.05164,http://creativecommons.org/licenses/by/4.0/,cc-by,13
2401.05383v1,2401.05383,http://creativecommons.org/licenses/by/4.0/,cc-by,7
2401.06908v1,2401.06908,http://creativecommons.org/licenses/by/4.0/,cc-by,5
2401.08624v1,2401.08624,http://arxiv.org/licenses/nonexclusive-distrib/1.0/,arxiv-nonexclusive,5
2401.10280v1,2401.10280,http://arxiv.org/licenses/nonexclusive-distrib/1.0/,arxiv-nonexclusive,2
2401.10315v3,2401.10315,http://arxiv.org/licenses/nonexclusive-distrib/1.0/,arxiv-nonexclusive,1
2401.10396v1,2401.10396,http://creativecommons.org/licenses/by-nc-nd/4.0/,cc-by-nc-nd,9
2401.12803v1,2401.12803,http://creativecommons.org/licenses/by/4.0/,cc-by,2
2401.12914v1,2401.12914,http://creativecommons.org/licenses/by/4.0/,cc-by,1
2401.15344v1,2401.15344,http://arxiv.org/licenses/nonexclusive-distrib/1.0/,arxiv-nonexclusive,14
2401.15756v1,2401.15756,http://arxiv.org/licenses/nonexclusive-distrib/1.0/,arxiv-nonexclusive,5
2402.01665v1,2402.01665,http://arxiv.org/licenses/nonexclusive-distrib/1.0/,arxiv-nonexclusive,7
2402.02795v2,2402.02795,http://arxiv.org/licenses/nonexclusive-distrib/1.0/,arxiv-nonexclusive,1
2402.06290v1,2402.06290,http://creativecommons.org/licenses/by/4.0/,cc-by,6
2402.06306v1,2402.06306,http://arxiv.org/licenses/nonexclusive-distrib/1.0/,arxiv-nonexclusive,9
2402.06814v1,2402.06814,http://arxiv.org/licenses/nonexclusive-distrib/1.0/,arxiv-nonexclusive,10
2402.09459v1,2402.09459,http://creativecommons.org/licenses/by/4.0/,cc-by,7
2402.11050v2,2402.11050,http://creativecommons.org/licenses/by/4.0/,cc-by,3
2402.11630v2,2402.11630,http://creativecommons.org/licenses/by/4.0/,cc-by,4
2402.11925v1,2402.11925,http://creativecommons.org/publicdomain/zero/1.0/,cc0,10
2402.13096v1,2402.13096,http://arxiv.org/licenses/nonexclusive-distrib/1.0/,arxiv-nonexclusive,2
2402.13804v1,2402.13804,http://creativecommons.org/licenses/by-nc-nd/4.0/,cc-by-nc-nd,4
2402.16591v1,2402.16591,http://arxiv.org/licenses/nonexclusive-distrib/1.0/,arxiv-nonexclusive,6
2403.00229v1,2403.00229,http://arxiv.org/licenses/nonexclusive-distrib/1.0/,arxiv-nonexclusive,2
2403.00605v1,2403.00605,http://arxiv.org/licenses/nonexclusive-distrib/1.0/,arxiv-nonexclusive,8
2403.02942v2,2403.02942,http://arxiv.org/licenses/nonexclusive-distrib/1.0/,arxiv-nonexclusive,3
2403.03675v1,2403.03675,http://arxiv.org/licenses/nonexclusive-distrib/1.0/,arxiv-nonexclusive,12
2403.07903v1,2403.07903,http://creativecommons.org/licenses/by/4.0/,cc-by,7
2403.08900v1,2403.08900,http://arxiv.org/licenses/nonexclusive-distrib/1.0/,arxiv-nonexclusive,6
2403.11806v1,2403.11806,http://creativecommons.org/licenses/by/4.0/,cc-by,4
2403.12268v2,2403.12268,http://creativecommons.org/publicdomain/zero/1.0/,cc0,8
2403.13314v1,2403.13314,http://arxiv.org/licenses/nonexclusive-distrib/1.0/,arxiv-nonexclusive,1
2403.17810v1,2403.17810,http://arxiv.org/licenses/nonexclusive-distrib/1.0/,arxiv-nonexclusive,10
2403.18326v1,2403.18326,http://arxiv.org/licenses/nonexclusive-distrib/1.0/,arxiv-nonexclusive,3
2403.19705v1,2403.19705,http://arxiv.org/licenses/nonexclusive-distrib/1.0/,arxiv-nonexclusive,1
2404.02349v1,2404.02349,http://arxiv.org/licenses/nonexclusive-distrib/1.0/,arxiv-nonexclusive,1
2404.05477v2,2404.05477,http://arxiv.org/licenses/nonexclusive-distrib/1.0/,arxiv-nonexclusive,3
2404.07315v2,2404.07315,http://creativecommons.org/licenses/by/4.0/,cc-by,6
2404.09149v1,2404.09149,http://arxiv.org/licenses/nonexclusive-distrib/1.0/,arxiv-nonexclusive,3
2404.10605v1,2404.10605,http://arxiv.org/licenses/nonexclusive-distrib/1.0/,arxiv-nonexclusive,2
2404.11136v2,2404.11136,http://creativecommons.org/licenses/by/4.0/,cc-by,12
2404.15099v1,2404.15099,http://arxiv.org/licenses/nonexclusive-distrib/1.0/,arxiv-nonexclusive,3
2404.15643v1,2404.15643,http://arxiv.org/licenses/nonexclusive-distrib/1.0/,arxiv-nonexclusive,5
2404.19090v1,2404.19090,http://arxiv.org/licenses/nonexclusive-distrib/1.0/,arxiv-nonexclusive,2
2404.19182v1,2404.19182,http://arxiv.org/licenses/nonexclusive-distrib/1.0/,arxiv-nonexclusive,2
2404.19646v1,2404.19646,http://arxiv.org/licenses/nonexclusive-distrib/1.0/,arxiv-nonexclusive,3
2405.00141v1,2405.00141,http://creativecommons.org/licenses/by-nc-nd/4.0/,cc-by-nc-nd,8
2405.01358v2,2405.01358,http://creativecommons.org/licenses/by/4.0/,cc-by,1
2405.02323v1,2405.02323,http://creativecommons.org/licenses/by/4.0/,cc-by,9
2405.02681v1,2405.02681,http://creativecommons.org/licenses/by/4.0/,cc-by,7
2405.02818v1,2405.02818,http://arxiv.org/licenses/nonexclusive-distrib/1.0/,arxiv-nonexclusive,6
2405.02873v2,2405.02873,http://arxiv.org/licenses/nonexclusive-distrib/1.0/,arxiv-nonexclusive,2
2405.03230v1,2405.03230,http://creativecommons.org/licenses/by-sa/4.0/,cc-by-sa,2
2405.06368v4,2405.06368,http://creativecommons.org/licenses/by-nc-nd/4.0/,cc-by-nc-nd,2
2405.07255v1,2405.07255,http://creativecommons.org/licenses/by-nc-nd/4.0/,cc-by-nc-nd,3
2405.09663v1,2405.09663,http://arxiv.org/licenses/nonexclusive-distrib/1.0/,arxiv-nonexclusive,3
2405.10553v1,2405.10553,http://arxiv.org/licenses/nonexclusive-distrib/1.0/,arxiv-nonexclusive,4
2405.11411v1,2405.11411,http://creativecommons.org/licenses/by/4.0/,cc-by,3
2405.12236v2,2405.12236,http://arxiv.org/licenses/nonexclusive-distrib/1.0/,arxiv-nonexclusive,6
2405.12432v1,2405.12432,http://arxiv.org/licenses/nonexclusive-distrib/1.0/,arxiv-nonexclusive,6
2405.14046v2,2405.14046,http://arxiv.org/licenses/nonexclusive-distrib/1.0/,arxiv-nonexclusive,4
2405.14691v1,2405.14691,http://arxiv.org/licenses/nonexclusive-distrib/1.0/,arxiv-nonexclusive,9
2405.18919v2,2405.18919,http://arxiv.org/licenses/nonexclusive-distrib/1.0/,arxiv-nonexclusive,5
2405.19771v2,2405.19771,http://arxiv.org/licenses/nonexclusive-distrib/1.0/,arxiv-nonexclusive,4
2405.20168v1,2405.20168,http://arxiv.org/licenses/nonexclusive-distrib/1.0/,arxiv-nonexclusive,3
2406.00690v1,2406.00690,http://arxiv.org/licenses/nonexclusive-distrib/1.0/,arxiv-nonexclusive,1
2406.03086v1,2406.03086,http://arxiv.org/licenses/nonexclusive-distrib/1.0/,arxiv-nonexclusive,2
2406.04188v2,2406.04188,http://creativecommons.org/licenses/by-nc-sa/4.0/,cc-by-nc-sa,11
2406.05444v1,2406.05444,http://creativecommons.org/licenses/by/4.0/,cc-by,5
2406.06245v1,2406.06245,http://arxiv.org/licenses/nonexclusive-distrib/1.0/,arxiv-nonexclusive,1
2406.07910v1,2406.07910,http://creativecommons.org/licenses/by/4.0/,cc-by,9
2406.07989v1,2406.07989,http://creativecommons.org/licenses/by/4.0/,cc-by,19
2406.12299v1,2406.12299,http://creativecommons.org/licenses/by/4.0/,cc-by,3
2406.12596v3,2406.12596,http://arxiv.org/licenses/nonexclusive-distrib/1.0/,arxiv-nonexclusive,5
2406.14107v1,2406.14107,http://arxiv.org/licenses/nonexclusive-distrib/1.0/,arxiv-nonexclusive,5
2406.16280v1,2406.16280,http://arxiv.org/licenses/nonexclusive-distrib/1.0/,arxiv-nonexclusive,5
2406.19084v1,2406.19084,http://creativecommons.org/licenses/by/4.0/,cc-by,5
2406.19930v3,2406.19930,http://arxiv.org/licenses/nonexclusive-distrib/1.0/,arxiv-nonexclusive,1
2407.00933v1,2407.00933,http://arxiv.org/licenses/nonexclusive-distrib/1.0/,arxiv-nonexclusive,8
2407.01957v1,2407.01957,http://arxiv.org/licenses/nonexclusive-distrib/1.0/,arxiv-nonexclusive,8
2407.02342v1,2407.02342,http://creativecommons.org/licenses/by/4.0/,cc-by,7
2407.03280v1,2407.03280,http://arxiv.org/licenses/nonexclusive-distrib/1.0/,arxiv-nonexclusive,6
2407.06227v2,2407.06227,http://arxiv.org/licenses/nonexclusive-distrib/1.0/,arxiv-nonexclusive,5
2407.07434v1,2407.07434,http://arxiv.org/licenses/nonexclusive-distrib/1.0/,arxiv-nonexclusive,3
2407.07702v1,2407.07702,http://arxiv.org/licenses/nonexclusive-distrib/1.0/,arxiv-nonexclusive,5
2407.09944v2,2407.09944,http://creativecommons.org/licenses/by/4.0/,cc-by,11
2407.10382v3,2407.10382,http://arxiv.org/licenses/nonexclusive-distrib/1.0/,arxiv-nonexclusive,2
2407.10986v2,2407.10986,http://arxiv.org/licenses/nonexclusive-distrib/1.0/,arxiv-nonexclusive,3
2407.11265v1,2407.11265,http://arxiv.org/licenses/nonexclusive-distrib/1.0/,arxiv-nonexclusive,5
2407.11563v1,2407.11563,http://creativecommons.org/licenses/by/4.0/,cc-by,3
2407.13123v2,2407.13123,http://arxiv.org/licenses/nonexclusive-distrib/1.0/,arxiv-nonexclusive,3
2407.13510v1,2407.13510,http://creativecommons.org/licenses/by/4.0/,cc-by,4
2407.13749v3,2407.13749,http://arxiv.org/licenses/nonexclusive-distrib/1.0/,arxiv-nonexclusive,2
2407.14890v1,2407.14890,http://arxiv.org/licenses/nonexclusive-distrib/1.0/,arxiv-nonexclusive,3
2407.16483v2,2407.16483,http://arxiv.org/licenses/nonexclusive-distrib/1.0/,arxiv-nonexclusive,8
2407.19299v3,2407.19299,http://creativecommons.org/licenses/by-nc-nd/4.0/,cc-by-nc-nd,7
2407.19541v2,2407.19541,http://creativecommons.org/licenses/by-nc-sa/4.0/,cc-by-nc-sa,4
2408.02943v1,2408.02943,http://creativecommons.org/licenses/by/4.0/,cc-by,1
2408.06288v1,2408.06288,http://creativecommons.org/licenses/by/4.0/,cc-by,5
2408.08074v3,2408.08074,http://arxiv.org/licenses/nonexclusive-distrib/1.0/,arxiv-nonexclusive,2
2408.13329v1,2408.13329,http://creativecommons.org/licenses/by/4.0/,cc-by,10
2408.15772v1,2408.15772,http://arxiv.org/licenses/nonexclusive-distrib/1.0/,arxiv-nonexclusive,3
2408.16280v1,2408.16280,http://arxiv.org/licenses/nonexclusive-distrib/1.0/,arxiv-nonexclusive,3
2408.16464v1,2408.16464,http://arxiv.org/licenses/nonexclusive-distrib/1.0/,arxiv-nonexclusive,4
2409.00941v1,2409.00941,http://creativecommons.org/licenses/by/4.0/,cc-by,4
2409.02346v1,2409.02346,http://creativecommons.org/licenses/by/4.0/,cc-by,9
2409.02748v1,2409.02748,http://creativecommons.org/licenses/by/4.0/,cc-by,8
2409.06946v1,2409.06946,http://arxiv.org/licenses/nonexclusive-distrib/1.0/,arxiv-nonexclusive,2
2409.08525v1,2409.08525,http://arxiv.org/licenses/nonexclusive-distrib/1.0/,arxiv-nonexclusive,8
2409.08549v1,2409.08549,http://arxiv.org/licenses/nonexclusive-distrib/1.0/,arxiv-nonexclusive,1
2409.09590v1,2409.09590,http://arxiv.org/licenses/nonexclusive-distrib/1.0/,arxiv-nonexclusive,16
2409.11191v1,2409.11191,http://arxiv.org/licenses/nonexclusive-distrib/1.0/,arxiv-nonexclusive,4
2409.11871v1,2409.11871,http://creativecommons.org/licenses/by/4.0/,cc-by,4
2409.14521v2,2409.14521,http://arxiv.org/licenses/nonexclusive-distrib/1.0/,arxiv-nonexclusive,6
2409.14726v1,2409.14726,http://arxiv.org/licenses/nonexclusive-distrib/1.0/,arxiv-nonexclusive,1
2409.16811v1,2409.16811,http://creativecommons.org/licenses/by/4.0/,cc-by,2
2409.17295v1,2409.17295,http://arxiv.org/licenses/nonexclusive-distrib/1.0/,arxiv-nonexclusive,11
2409.17738v1,2409.17738,http://creativecommons.org/licenses/by-nc-nd/4.0/,cc-by-nc-nd,6
2409.19155v1,2409.19155,http://arxiv.org/licenses/nonexclusive-distrib/1.0/,arxiv-nonexclusive,1
2410.00896v1,2410.00896,http://creativecommons.org/publicdomain/zero/1.0/,cc0,6
2410.01632v1,2410.01632,http://creativecommons.org/licenses/by/4.0/,cc-by,7
2410.03732v1,2410.03732,http://arxiv.org/licenses/nonexclusive-distrib/1.0/,arxiv-nonexclusive,2
2410.04681v1,2410.04681,http://arxiv.org/licenses/nonexclusive-distrib/1.0/,arxiv-nonexclusive,12
2410.06700v2,2410.06700,http://creativecommons.org/licenses/by/4.0/,cc-by,5
2410.08726v1,2410.08726,http://arxiv.org/licenses/nonexclusive-distrib/1.0/,arxiv-nonexclusive,4
2410.09588v1,2410.09588,http://arxiv.org/licenses/nonexclusive-distrib/1.0/,arxiv-nonexclusive,7
2410.11495v3,2410.11495,http://creativecommons.org/licenses/by-nc-nd/4.0/,cc-by-nc-nd,6
2410.15357v2,2410.15357,http://arxiv.org/licenses/nonexclusive-distrib/1.0/,arxiv-nonexclusive,5
2410.16219v1,2410.16219,http://creativecommons.org/licenses/by/4.0/,cc-by,2
2410.17525v1,2410.17525,http://creativecommons.org/licenses/by/4.0/,cc-by,2
2410.21658v1,2410.21658,http://creativecommons.org/licenses/by/4.0/,cc-by,3
2410.23366v1,2410.23366,http://creativecommons.org/licenses/by/4.0/,cc-by,4
2411.00374v3,2411.00374,http://arxiv.org/licenses/nonexclusive-distrib/1.0/,arxiv-nonexclusive,5
2411.02757v1,2411.02757,http://creativecommons.org/licenses/by/4.0/,cc-by,8
2411.03237v1,2411.03237,http://creativecommons.org/licenses/by/4.0/,cc-by,2
2411.05346v1,2411.05346,http://arxiv.org/licenses/nonexclusive-distrib/1.0/,arxiv-nonexclusive,1
2411.06015v1,2411.06015,http://arxiv.org/licenses/nonexclusive-distrib/1.0/,arxiv-nonexclusive,5
2411.07086v1,2411.07086,http://arxiv.org/licenses/nonexclusive-distrib/1.0/,arxiv-nonexclusive,6
2411.07485v1,2411.07485,http://arxiv.org/licenses/nonexclusive-distrib/1.0/,arxiv-nonexclusive,8
2411.08264v1,2411.08264,http://arxiv.org/licenses/nonexclusive-distrib/1.0/,arxiv-nonexclusive,2
2411.08759v3,2411.08759,http://creativecommons.org/licenses/by-sa/4.0/,cc-by-sa,5
2411.09660v1,2411.09660,http://arxiv.org/licenses/nonexclusive-distrib/1.0/,arxiv-nonexclusive,3
2411.09906v2,2411.09906,http://arxiv.org/licenses/nonexclusive-distrib/1.0/,arxiv-nonexclusive,6
2411.10259v1,2411.10259,http://creativecommons.org/licenses/by/4.0/,cc-by,13
2411.10560v1,2411.10560,http://creativecommons.org/licenses/by/4.0/,cc-by,2
2411.10960v1,2411.10960,http://arxiv.org/licenses/nonexclusive-distrib/1.0/,arxiv-nonexclusive,4
2411.11028v2,2411.11028,http://arxiv.org/licenses/nonexclusive-distrib/1.0/,arxiv-nonexclusive,5
2411.11998v1,2411.11998,http://arxiv.org/licenses/nonexclusive-distrib/1.0/,arxiv-nonexclusive,4
2411.15995v2,2411.15995,http://creativecommons.org/licenses/by-nc-nd/4.0/,cc-by-nc-nd,5
2411.17056v2,2411.17056,http://arxiv.org/licenses/nonexclusive-distrib/1.0/,arxiv-nonexclusive,5
2411.18836v1,2411.18836,http://creativecommons.org/licenses/by/4.0/,cc-by,1
2411.19795v1,2411.19795,http://arxiv.org/licenses/nonexclusive-distrib/1.0/,arxiv-nonexclusive,4
2412.00442v1,2412.00442,http://creativecommons.org/licenses/by-nc-nd/4.0/,cc-by-nc-nd,9
2412.01187v1,2412.01187,http://creativecommons.org/licenses/by/4.0/,cc-by,6
2412.02538v2,2412.02538,http://creativecommons.org/licenses/by-sa/4.0/,cc-by-sa,5
2412.03181v1,2412.03181,http://creativecommons.org/licenses/by/4.0/,cc-by,1
2412.04210v1,2412.04210,http://creativecommons.org/licenses/by/4.0/,cc-by,5
2412.04876v1,2412.04876,http://creativecommons.org/licenses/by/4.0/,cc-by,5
2412.06044v1,2412.06044,http://creativecommons.org/licenses/by/4.0/,cc-by,1
2412.06861v2,2412.06861,http://arxiv.org/licenses/nonexclusive-distrib/1.0/,arxiv-nonexclusive,4
2412.07269v2,2412.07269,http://arxiv.org/licenses/nonexclusive-distrib/1.0/,arxiv-nonexclusive,2
2412.08596v1,2412.08596,http://arxiv.org/licenses/nonexclusive-distrib/1.0/,arxiv-nonexclusive,1
2412.11116v1,2412.11116,http://arxiv.org/licenses/nonexclusive-distrib/1.0/,arxiv-nonexclusive,1
2412.11212v1,2412.11212,http://creativecommons.org/licenses/by-nc-nd/4.0/,cc-by-nc-nd,1
2412.12914v3,2412.12914,http://creativecommons.org/licenses/by/4.0/,cc-by,3
2412.14616v1,2412.14616,http://arxiv.org/licenses/nonexclusive-distrib/1.0/,arxiv-nonexclusive,11
2412.15597v2,2412.15597,http://arxiv.org/licenses/nonexclusive-distrib/1.0/,arxiv-nonexclusive,7
2412.16301v1,2412.16301,http://creativecommons.org/licenses/by/4.0/,cc-by,1
2412.16354v1,2412.16354,http://creativecommons.org/publicdomain/zero/1.0/,cc0,6
2412.16774v1,2412.16774,http://creativecommons.org/licenses/by/4.0/,cc-by,4
2412.16779v1,2412.16779,http://arxiv.org/licenses/nonexclusive-distrib/1.0/,arxiv-nonexclusive,5
2412.17356v1,2412.17356,http://creativecommons.org/licenses/by/4.0/,cc-by,8
2412.18749v1,2412.18749,http://arxiv.org/licenses/nonexclusive-distrib/1.0/,arxiv-nonexclusive,1
2412.18876v1,2412.18876,http://arxiv.org/licenses/nonexclusive-distrib/1.0/,arxiv-nonexclusive,2
2412.19071v1,2412.19071,http://arxiv.org/licenses/nonexclusive-distrib/1.0/,arxiv-nonexclusive,5
2412.19811v1,2412.19811,http://arxiv.org/licenses/nonexclusive-distrib/1.0/,arxiv-nonexclusive,4
2501.00170v1,2501.00170,http://creativecommons.org/licenses/by-sa/4.0/,cc-by-sa,1
2501.00366v1,2501.00366,http://creativecommons.org/licenses/by/4.0/,cc-by,1
2501.00476v1,2501.00476,http://creativecommons.org/licenses/by/4.0/,cc-by,1
2501.00732v1,2501.00732,http://creativecommons.org/licenses/by-nc-nd/4.0/,cc-by-nc-nd,7
2501.00909v1,2501.00909,http://creativecommons.org/licenses/by/4.0/,cc-by,1
2501.01038v2,2501.01038,http://arxiv.org/licenses/nonexclusive-distrib/1.0/,arxiv-nonexclusive,2
2501.01555v1,2501.01555,http://creativecommons.org/licenses/by/4.0/,cc-by,4
2501.01837v1,2501.01837,http://arxiv.org/licenses/nonexclusive-distrib/1.0/,arxiv-nonexclusive,6
2501.02001v1,2501.02001,http://arxiv.org/licenses/nonexclusive-distrib/1.0/,arxiv-nonexclusive,4
2501.02271v1,2501.02271,http://arxiv.org/licenses/nonexclusive-distrib/1.0/,arxiv-nonexclusive,5
2501.02335v3,2501.02335,http://arxiv.org/licenses/nonexclusive-distrib/1.0/,arxiv-nonexclusive,13
2501.03608v1,2501.03608,http://creativecommons.org/licenses/by/4.0/,cc-by,11
2501.05742v1,2501.05742,http://arxiv.org/licenses/nonexclusive-distrib/1.0/,arxiv-nonexclusive,3
2501.05879v1,2501.05879,http://creativecommons.org/licenses/by-nc-nd/4.0/,cc-by-nc-nd,1
2501.06355v1,2501.06355,http://arxiv.org/licenses/nonexclusive-distrib/1.0/,arxiv-nonexclusive,9
2501.06726v2,2501.06726,http://arxiv.org/licenses/nonexclusive-distrib/1.0/,arxiv-nonexclusive,4
2501.06744v1,2501.06744,http://arxiv.org/licenses/nonexclusive-distrib/1.0/,arxiv-nonexclusive,1
2501.08100v1,2501.08100,http://arxiv.org/licenses/nonexclusive-distrib/1.0/,arxiv-nonexclusive,4
2501.08825v1,2501.08825,http://arxiv.org/licenses/nonexclusive-distrib/1.0/,arxiv-nonexclusive,2
2501.09430v1,2501.09430,http://creativecommons.org/licenses/by/4.0/,cc-by,2
2501.10182v1,2501.10182,http://arxiv.org/licenses/nonexclusive-distrib/1.0/,arxiv-nonexclusive,3
2501.10676v2,2501.10676,http://arxiv.org/licenses/nonexclusive-distrib/1.0/,arxiv-nonexclusive,2
2501.12043v1,2501.12043,http://creativecommons.org/licenses/by/4.0/,cc-by,16
2501.12752v1,2501.12752,http://creativecommons.org/licenses/by-nc-nd/4.0/,cc-by-nc-nd,1
2501.13552v1,2501.13552,http://arxiv.org/licenses/nonexclusive-distrib/1.0/,arxiv-nonexclusive,1
2501.15091v1,2501.15091,http://creativecommons.org/licenses/by/4.0/,cc-by,5
2501.16306v1,2501.16306,http://arxiv.org/licenses/nonexclusive-distrib/1.0/,arxiv-nonexclusive,2
2501.16805v1,2501.16805,http://arxiv.org/licenses/nonexclusive-distrib/1.0/,arxiv-nonexclusive,3
2501.17808v1,2501.17808,http://creativecommons.org/licenses/by-nc-nd/4.0/,cc-by-nc-nd,3
2501.17883v1,2501.17883,http://arxiv.org/licenses/nonexclusive-distrib/1.0/,arxiv-nonexclusive,2
2502.01137v1,2502.01137,http://arxiv.org/licenses/nonexclusive-distrib/1.0/,arxiv-nonexclusive,5
2502.01482v1,2502.01482,http://arxiv.org/licenses/nonexclusive-distrib/1.0/,arxiv-nonexclusive,3
2502.03117v1,2502.03117,http://arxiv.org/licenses/nonexclusive-distrib/1.0/,arxiv-nonexclusive,3
2502.03450v2,2502.03450,http://arxiv.org/licenses/nonexclusive-distrib/1.0/,arxiv-nonexclusive,3
2502.03637v1,2502.03637,http://arxiv.org/licenses/nonexclusive-distrib/1.0/,arxiv-nonexclusive,2
2502.06128v2,2502.06128,http://arxiv.org/licenses/nonexclusive-distrib/1.0/,arxiv-nonexclusive,9
2502.08557v3,2502.08557,http://creativecommons.org/licenses/by-nc-sa/4.0/,cc-by-nc-sa,3
2502.08757v1,2502.08757,http://creativecommons.org/licenses/by/4.0/,cc-by,2
2502.09216v1,2502.09216,http://creativecommons.org/licenses/by/4.0/,cc-by,6
2502.09368v1,2502.09368,http://creativecommons.org/licenses/by/4.0/,cc-by,1
2502.09405v1,2502.09405,http://arxiv.org/licenses/nonexclusive-distrib/1.0/,arxiv-nonexclusive,1
2502.09857v1,2502.09857,http://arxiv.org/licenses/nonexclusive-distrib/1.0/,arxiv-nonexclusive,3
2502.11053v2,2502.11053,http://arxiv.org/licenses/nonexclusive-distrib/1.0/,arxiv-nonexclusive,3
2502.12622v1,2502.12622,http://creativecommons.org/licenses/by/4.0/,cc-by,5
2502.12642v1,2502.12642,http://arxiv.org/licenses/nonexclusive-distrib/1.0/,arxiv-nonexclusive,5
2502.13657v1,2502.13657,http://arxiv.org/licenses/nonexclusive-distrib/1.0/,arxiv-nonexclusive,1
2502.15436v1,2502.15436,http://creativecommons.org/licenses/by/4.0/,cc-by,7
2502.16267v1,2502.16267,http://arxiv.org/licenses/nonexclusive-distrib/1.0/,arxiv-nonexclusive,5
2502.16592v1,2502.16592,http://creativecommons.org/licenses/by/4.0/,cc-by,11
2502.17472v1,2502.17472,http://arxiv.org/licenses/nonexclusive-distrib/1.0/,arxiv-nonexclusive,3
2502.17875v1,2502.17875,http://arxiv.org/licenses/nonexclusive-distrib/1.0/,arxiv-nonexclusive,5
2502.20468v1,2502.20468,http://creativecommons.org/licenses/by/4.0/,cc-by,8
2502.21080v1,2502.21080,http://creativecommons.org/licenses/by-nc-nd/4.0/,cc-by-nc-nd,2
2503.01300v1,2503.01300,http://creativecommons.org/licenses/by/4.0/,cc-by,2
2503.01382v1,2503.01382,http://creativecommons.org/licenses/by-sa/4.0/,cc-by-sa,2
2503.01741v1,2503.01741,http://creativecommons.org/licenses/by/4.0/,cc-by,1
2503.02156v1,2503.02156,http://creativecommons.org/licenses/by/4.0/,cc-by,13
2503.02913v1,2503.02913,http://creativecommons.org/licenses/by/4.0/,cc-by,9
2503.03070v1,2503.03070,http://creativecommons.org/licenses/by/4.0/,cc-by,5
2503.03620v1,2503.03620,http://creativecommons.org/publicdomain/zero/1.0/,cc0,3
2503.04148v1,2503.04148,http://arxiv.org/licenses/nonexclusive-distrib/1.0/,arxiv-nonexclusive,3
2503.04860v1,2503.04860,http://creativecommons.org/licenses/by/4.0/,cc-by,4
2503.05700v1,2503.05700,http://creativecommons.org/licenses/by/4.0/,cc-by,6
2503.06376v1,2503.06376,http://creativecommons.org/licenses/by-nc-nd/4.0/,cc-by-nc-nd,3
2503.07471v1,2503.07471,http://creativecommons.org/licenses/by-nc-nd/4.0/,cc-by-nc-nd,6
2503.08466v1,2503.08466,http://creativecommons.org/licenses/by/4.0/,cc-by,5
2503.08937v1,2503.08937,http://arxiv.org/licenses/nonexclusive-distrib/1.0/,arxiv-nonexclusive,9
2503.08986v1,2503.08986,http://arxiv.org/licenses/nonexclusive-distrib/1.0/,arxiv-nonexclusive,7
2503.09393v2,2503.09393,http://creativecommons.org/licenses/by/4.0/,cc-by,6
2503.10525v1,2503.10525,http://arxiv.org/licenses/nonexclusive-distrib/1.0/,arxiv-nonexclusive,7
2503.11226v1,2503.11226,http://arxiv.org/licenses/nonexclusive-distrib/1.0/,arxiv-nonexclusive,6
2503.13043v1,2503.13043,http://arxiv.org/licenses/nonexclusive-distrib/1.0/,arxiv-nonexclusive,3
2503.13478v1,2503.13478,http://arxiv.org/licenses/nonexclusive-distrib/1.0/,arxiv-nonexclusive,3
2503.13583v2,2503.13583,http://creativecommons.org/licenses/by-nc-nd/4.0/,cc-by-nc-nd,1
2503.13907v1,2503.13907,http://creativecommons.org/licenses/by/4.0/,cc-by,7
2503.17565v2,2503.17565,http://creativecommons.org/licenses/by/4.0/,cc-by,1
2503.17805v1,2503.17805,http://creativecommons.org/licenses/by/4.0/,cc-by,3
2503.17806v1,2503.17806,http://creativecommons.org/licenses/by/4.0/,cc-by,2
2503.17912v1,2503.17912,http://arxiv.org/licenses/nonexclusive-distrib/1.0/,arxiv-nonexclusive,2
2503.18078v1,2503.18078,http://arxiv.org/licenses/nonexclusive-distrib/1.0/,arxiv-nonexclusive,6
2503.19549v2,2503.19549,http://creativecommons.org/licenses/by/4.0/,cc-by,4
2503.21102v1,2503.21102,http://arxiv.org/licenses/nonexclusive-distrib/1.0/,arxiv-nonexclusive,5
2503.22378v1,2503.22378,http://arxiv.org/licenses/nonexclusive-distrib/1.0/,arxiv-nonexclusive,7
2504.00407v2,2504.00407,http://arxiv.org/licenses/nonexclusive-distrib/1.0/,arxiv-nonexclusive,1
2504.00975v3,2504.00975,http://arxiv.org/licenses/nonexclusive-distrib/1.0/,arxiv-nonexclusive,6
2504.01676v1,2504.01676,http://arxiv.org/licenses/nonexclusive-distrib/1.0/,arxiv-nonexclusive,3
2504.02211v2,2504.02211,http://arxiv.org/licenses/nonexclusive-distrib/1.0/,arxiv-nonexclusive,4
2504.02613v2,2504.02613,http://creativecommons.org/licenses/by/4.0/,cc-by,9
2504.03648v1,2504.03648,http://arxiv.org/licenses/nonexclusive-distrib/1.0/,arxiv-nonexclusive,2
2504.06512v1,2504.06512,http://creativecommons.org/licenses/by/4.0/,cc-by,5
2504.07119v1,2504.07119,http://arxiv.org/licenses/nonexclusive-distrib/1.0/,arxiv-nonexclusive,8
2504.07436v1,2504.07436,http://arxiv.org/licenses/nonexclusive-distrib/1.0/,arxiv-nonexclusive,9
2504.07513v1,2504.07513,http://creativecommons.org/licenses/by/4.0/,cc-by,2
2504.08078v1,2504.08078,http://creativecommons.org/licenses/by-nc-nd/4.0/,cc-by-nc-nd,1
2504.08811v2,2504.08811,http://arxiv.org/licenses/nonexclusive-distrib/1.0/,arxiv-nonexclusive,1
2504.09047v1,2504.09047,http://creativecommons.org/licenses/by/4.0/,cc-by,2
2504.09178v1,2504.09178,http://arxiv.org/licenses/nonexclusive-distrib/1.0/,arxiv-nonexclusive,5
2504.09325v1,2504.09325,http://creativecommons.org/licenses/by/4.0/,cc-by,6
2504.09437v1,2504.09437,http://creativecommons.org/licenses/by/4.0/,cc-by,10
2504.09743v1,2504.09743,http://arxiv.org/licenses/nonexclusive-distrib/1.0/,arxiv-nonexclusive,8
2504.09799v1,2504.09799,http://arxiv.org/licenses/nonexclusive-distrib/1.0/,arxiv-nonexclusive,6
2504.09986v3,2504.09986,http://creativecommons.org/licenses/by/4.0/,cc-by,5
2504.10224v1,2504.10224,http://creativecommons.org/licenses/by/4.0/,cc-by,3
2504.10798v1,2504.10798,http://arxiv.org/licenses/nonexclusive-distrib/1.0/,arxiv-nonexclusive,2
2504.11729v1,2504.11729,http://creativecommons.org/publicdomain/zero/1.0/,cc0,1
2504.11905v1,2504.11905,http://creativecommons.org/licenses/by/4.0/,cc-by,4
2504.12794v1,2504.12794,http://arxiv.org/licenses/nonexclusive-distrib/1.0/,arxiv-nonexclusive,4
2504.12956v1,2504.12956,http://creativecommons.org/licenses/by/4.0/,cc-by,4
2504.15079v2,2504.15079,http://arxiv.org/licenses/nonexclusive-distrib/1.0/,arxiv-nonexclusive,1
2504.15676v1,2504.15676,http://arxiv.org/licenses/nonexclusive-distrib/1.0/,arxiv-nonexclusive,1
2504.15967v1,2504.15967,http://creativecommons.org/licenses/by/4.0/,cc-by,1
2504.16529v1,2504.16529,http://creativecommons.org/licenses/by/4.0/,cc-by,6
2504.16972v2,2504.16972,http://creativecommons.org/licenses/by/4.0/,cc-by,4
2504.18155v1,2504.18155,http://creativecommons.org/licenses/by-nc-nd/4.0/,cc-by-nc-nd,9
2504.18168v1,2504.18168,http://arxiv.org/licenses/nonexclusive-distrib/1.0/,arxiv-nonexclusive,11
2504.19516v1,2504.19516,http://creativecommons.org/licenses/by-nc-sa/4.0/,cc-by-nc-sa,3
2504.19954v1,2504.19954,http://creativecommons.org/licenses/by-nc-sa/4.0/,cc-by-nc-sa,4
2504.20425v1,2504.20425,http://arxiv.org/licenses/nonexclusive-distrib/1.0/,arxiv-nonexclusive,10
2504.20608v1,2504.20608,http://creativecommons.org/licenses/by-nc-nd/4.0/,cc-by-nc-nd,1
2504.21128v1,2504.21128,http://creativecommons.org/licenses/by/4.0/,cc-by,1
2504.21181v1,2504.21181,http://creativecommons.org/licenses/by-nc-nd/4.0/,cc-by-nc-nd,1
2505.00321v1,2505.00321,http://creativecommons.org/licenses/by/4.0/,cc-by,4
2505.00549v1,2505.00549,http://arxiv.org/licenses/nonexclusive-distrib/1.0/,arxiv-nonexclusive,4
2505.00660v2,2505.00660,http://creativecommons.org/licenses/by-nc-sa/4.0/,cc-by-nc-sa,2
2505.00747v1,2505.00747,http://creativecommons.org/licenses/by-nc-nd/4.0/,cc-by-nc-nd,2
2505.01076v2,2505.01076,http://arxiv.org/licenses/nonexclusive-distrib/1.0/,arxiv-nonexclusive,5
2505.01712v2,2505.01712,http://arxiv.org/licenses/nonexclusive-distrib/1.0/,arxiv-nonexclusive,2
2505.01818v1,2505.01818,http://creativecommons.org/licenses/by/4.0/,cc-by,6
2505.01834v1,2505.01834,http://creativecommons.org/licenses/by/4.0/,cc-by,4
2505.01853v1,2505.01853,http://creativecommons.org/licenses/by-nc-sa/4.0/,cc-by-nc-sa,3
2505.02446v1,2505.02446,http://arxiv.org/licenses/nonexclusive-distrib/1.0/,arxiv-nonexclusive,1
2505.02530v1,2505.02530,http://creativecommons.org/licenses/by/4.0/,cc-by,8
2505.02964v1,2505.02964,http://arxiv.org/licenses/nonexclusive-distrib/1.0/,arxiv-nonexclusive,10
2505.03556v1,2505.03556,http://arxiv.org/licenses/nonexclusive-distrib/1.0/,arxiv-nonexclusive,3
2505.04085v2,2505.04085,http://creativecommons.org/licenses/by/4.0/,cc-by,6
2505.04114v1,2505.04114,http://creativecommons.org/licenses/by-nc-nd/4.0/,cc-by-nc-nd,2
2505.04453v1,2505.04453,http://arxiv.org/licenses/nonexclusive-distrib/1.0/,arxiv-nonexclusive,5
2505.04893v1,2505.04893,http://arxiv.org/licenses/nonexclusive-distrib/1.0/,arxiv-nonexclusive,3
2505.05090v1,2505.05090,http://arxiv.org/licenses/nonexclusive-distrib/1.0/,arxiv-nonexclusive,6
2505.06256v1,2505.06256,http://arxiv.org/licenses/nonexclusive-distrib/1.0/,arxiv-nonexclusive,2
2505.07555v1,2505.07555,http://arxiv.org/licenses/nonexclusive-distrib/1.0/,arxiv-nonexclusive,3
2505.07755v1,2505.07755,http://arxiv.org/licenses/nonexclusive-distrib/1.0/,arxiv-nonexclusive,1
2505.07762v1,2505.07762,http://creativecommons.org/licenses/by/4.0/,cc-by,3
2505.07877v1,2505.07877,http://creativecommons.org/licenses/by-nc-sa/4.0/,cc-by-nc-sa,2
2505.07893v1,2505.07893,http://creativecommons.org/licenses/by-nc-nd/4.0/,cc-by-nc-nd,3
2505.08030v1,2505.08030,http://arxiv.org/licenses/nonexclusive-distrib/1.0/,arxiv-nonexclusive,3
2505.08079v3,2505.08079,http://arxiv.org/licenses/nonexclusive-distrib/1.0/,arxiv-nonexclusive,7
2505.08221v2,2505.08221,http://arxiv.org/licenses/nonexclusive-distrib/1.0/,arxiv-nonexclusive,4
2505.08298v1,2505.08298,http://arxiv.org/licenses/nonexclusive-distrib/1.0/,arxiv-nonexclusive,12
2505.08328v1,2505.08328,http://creativecommons.org/licenses/by/4.0/,cc-by,3
2505.08682v1,2505.08682,http://creativecommons.org/licenses/by/4.0/,cc-by,9
2505.09028v1,2505.09028,http://arxiv.org/licenses/nonexclusive-distrib/1.0/,arxiv-nonexclusive,6
2505.09711v1,2505.09711,http://creativecommons.org/licenses/by/4.0/,cc-by,2
2505.10194v1,2505.10194,http://creativecommons.org/licenses/by/4.0/,cc-by,2
2505.11321v1,2505.11321,http://arxiv.org/licenses/nonexclusive-distrib/1.0/,arxiv-nonexclusive,8
2505.11509v1,2505.11509,http://creativecommons.org/licenses/by-nc-nd/4.0/,cc-by-nc-nd,6
2505.12502v1,2505.12502,http://arxiv.org/licenses/nonexclusive-distrib/1.0/,arxiv-nonexclusive,4
2505.12902v1,2505.12902,http://arxiv.org/licenses/nonexclusive-distrib/1.0/,arxiv-nonexclusive,4
2505.13801v1,2505.13801,http://creativecommons.org/licenses/by/4.0/,cc-by,2
2505.13880v3,2505.13880,http://creativecommons.org/licenses/by/4.0/,cc-by,1
2505.13994v1,2505.13994,http://creativecommons.org/licenses/by/4.0/,cc-by,10
2505.14055v1,2505.14055,http://creativecommons.org/licenses/by/4.0/,cc-by,16
2505.14153v1,2505.14153,http://creativecommons.org/licenses/by/4.0/,cc-by,3
2505.14184v1,2505.14184,http://creativecommons.org/licenses/by/4.0/,cc-by,2
2505.15403v1,2505.15403,http://arxiv.org/licenses/nonexclusive-distrib/1.0/,arxiv-nonexclusive,9
2505.15841v1,2505.15841,http://creativecommons.org/licenses/by/4.0/,cc-by,5
2505.16327v1,2505.16327,http://creativecommons.org/licenses/by/4.0/,cc-by,6
2505.17530v2,2505.17530,http://creativecommons.org/licenses/by-nc-sa/4.0/,cc-by-nc-sa,3
2505.18534v1,2505.18534,http://creativecommons.org/licenses/by-nc-nd/4.0/,cc-by-nc-nd,14
2505.18739v1,2505.18739,http://creativecommons.org/licenses/by/4.0/,cc-by,2
2505.19538v1,2505.19538,http://arxiv.org/licenses/nonexclusive-distrib/1.0/,arxiv-nonexclusive,1
2505.19843v1,2505.19843,http://arxiv.org/licenses/nonexclusive-distrib/1.0/,arxiv-nonexclusive,10
2505.19983v1,2505.19983,http://creativecommons.org/licenses/by/4.0/,cc-by,4
2505.21408v1,2505.21408,http://arxiv.org/licenses/nonexclusive-distrib/1.0/,arxiv-nonexclusive,2
2505.21456v1,2505.21456,http://creativecommons.org/licenses/by/4.0/,cc-by,2
2505.21691v2,2505.21691,http://arxiv.org/licenses/nonexclusive-distrib/1.0/,arxiv-nonexclusive,9
2505.21866v1,2505.21866,http://creativecommons.org/licenses/by-nc-nd/4.0/,cc-by-nc-nd,1
2505.22783v1,2505.22783,http://arxiv.org/licenses/nonexclusive-distrib/1.0/,arxiv-nonexclusive,5
2505.23154v1,2505.23154,http://creativecommons.org/licenses/by-nc-nd/4.0/,cc-by-nc-nd,3
2505.23259v1,2505.23259,http://creativecommons.org/licenses/by-nc-nd/4.0/,cc-by-nc-nd,3
2505.24177v1,2505.24177,http://creativecommons.org/licenses/by-nc-sa/4.0/,cc-by-nc-sa,11
2506.01382v1,2506.01382,http://arxiv.org/licenses/nonexclusive-distrib/1.0/,arxiv-nonexclusive,3
2506.01400v1,2506.01400,http://arxiv.org/licenses/nonexclusive-distrib/1.0/,arxiv-nonexclusive,7
2506.02666v2,2506.02666,http://creativecommons.org/licenses/by/4.0/,cc-by,7
2506.03063v1,2506.03063,http://arxiv.org/licenses/nonexclusive-distrib/1.0/,arxiv-nonexclusive,7
2506.03622v1,2506.03622,http://creativecommons.org/licenses/by/4.0/,cc-by,3
2506.03813v1,2506.03813,http://arxiv.org/licenses/nonexclusive-distrib/1.0/,arxiv-nonexclusive,7
2506.04433v1,2506.04433,http://arxiv.org/licenses/nonexclusive-distrib/1.0/,arxiv-nonexclusive,6
2506.04594v1,2506.04594,http://arxiv.org/licenses/nonexclusive-distrib/1.0/,arxiv-nonexclusive,1
2506.04804v1,2506.04804,http://arxiv.org/licenses/nonexclusive-distrib/1.0/,arxiv-nonexclusive,5
2506.04833v1,2506.04833,http://arxiv.org/licenses/nonexclusive-distrib/1.0/,arxiv-nonexclusive,3
2506.04952v1,2506.04952,http://arxiv.org/licenses/nonexclusive-distrib/1.0/,arxiv-nonexclusive,6
2506.06718v2,2506.06718,http://creativecommons.org/licenses/by/4.0/,cc-by,1
2506.06876v1,2506.06876,http://creativecommons.org/licenses/by/4.0/,cc-by,4
2506.07532v1,2506.07532,http://arxiv.org/licenses/nonexclusive-distrib/1.0/,arxiv-nonexclusive,13
2506.07647v1,2506.07647,http://arxiv.org/licenses/nonexclusive-distrib/1.0/,arxiv-nonexclusive,1
2506.07799v1,2506.07799,http://arxiv.org/licenses/nonexclusive-distrib/1.0/,arxiv-nonexclusive,2
2506.07880v1,2506.07880,http://creativecommons.org/licenses/by-nc-nd/4.0/,cc-by-nc-nd,3
2506.08739v1,2506.08739,http://creativecommons.org/licenses/by/4.0/,cc-by,4
2506.08930v1,2506.08930,http://arxiv.org/licenses/nonexclusive-distrib/1.0/,arxiv-nonexclusive,11
2506.10925v1,2506.10925,http://creativecommons.org/licenses/by-nc-nd/4.0/,cc-by-nc-nd,2
2506.11351v1,2506.11351,http://arxiv.org/licenses/nonexclusive-distrib/1.0/,arxiv-nonexclusive,13
2506.11446v1,2506.11446,http://creativecommons.org/licenses/by/4.0/,cc-by,4
2506.11616v2,2506.11616,http://creativecommons.org/licenses/by/4.0/,cc-by,3
2506.11729v1,2506.11729,http://arxiv.org/licenses/nonexclusive-distrib/1.0/,arxiv-nonexclusive,2
2506.12461v1,2506.12461,http://creativecommons.org/licenses/by-nc-nd/4.0/,cc-by-nc-nd,2
2506.12599v3,2506.12599,http://arxiv.org/licenses/nonexclusive-distrib/1.0/,arxiv-nonexclusive,18
2506.13003v1,2506.13003,http://arxiv.org/licenses/nonexclusive-distrib/1.0/,arxiv-nonexclusive,8
2506.13730v1,2506.13730,http://creativecommons.org/publicdomain/zero/1.0/,cc0,3
2506.14557v2,2506.14557,http://arxiv.org/licenses/nonexclusive-distrib/1.0/,arxiv-nonexclusive,3
2506.16808v1,2506.16808,http://arxiv.org/licenses/nonexclusive-distrib/1.0/,arxiv-nonexclusive,4
2506.17764v1,2506.17764,http://arxiv.org/licenses/nonexclusive-distrib/1.0/,arxiv-nonexclusive,9
2506.17870v1,2506.17870,http://creativecommons.org/licenses/by-nc-nd/4.0/,cc-by-nc-nd,6
2506.18243v1,2506.18243,http://creativecommons.org/licenses/by-nc-sa/4.0/,cc-by-nc-sa,7
2506.19030v2,2506.19030,http://creativecommons.org/publicdomain/zero/1.0/,cc0,3
2506.19376v1,2506.19376,http://arxiv.org/licenses/nonexclusive-distrib/1.0/,arxiv-nonexclusive,6
2506.19456v1,2506.19456,http://arxiv.org/licenses/nonexclusive-distrib/1.0/,arxiv-nonexclusive,1
2506.19688v2,2506.19688,http://arxiv.org/licenses/nonexclusive-distrib/1.0/,arxiv-nonexclusive,5
2506.20430v1,2506.20430,http://creativecommons.org/licenses/by-nc-sa/4.0/,cc-by-nc-sa,6
2506.20858v1,2506.20858,http://creativecommons.org/licenses/by/4.0/,cc-by,4
2506.21966v1,2506.21966,http://arxiv.org/licenses/nonexclusive-distrib/1.0/,arxiv-nonexclusive,4
2506.22000v1,2506.22000,http://creativecommons.org/licenses/by-nc-nd/4.0/,cc-by-nc-nd,4
2506.22082v1,2506.22082,http://creativecommons.org/licenses/by-nc-nd/4.0/,cc-by-nc-nd,3
2506.22094v1,2506.22094,http://creativecommons.org/licenses/by-nc-nd/4.0/,cc-by-nc-nd,11
2506.22252v2,2506.22252,http://arxiv.org/licenses/nonexclusive-distrib/1.0/,arxiv-nonexclusive,2
2506.22445v1,2506.22445,http://arxiv.org/licenses/nonexclusive-distrib/1.0/,arxiv-nonexclusive,9
2506.22461v1,2506.22461,http://creativecommons.org/licenses/by/4.0/,cc-by,2
2506.22465v1,2506.22465,http://arxiv.org/licenses/nonexclusive-distrib/1.0/,arxiv-nonexclusive,14
2506.22844v1,2506.22844,http://arxiv.org/licenses/nonexclusive-distrib/1.0/,arxiv-nonexclusive,8
2506.22991v1,2506.22991,http://creativecommons.org/licenses/by/4.0/,cc-by,4
2506.23045v2,2506.23045,http://arxiv.org/licenses/nonexclusive-distrib/1.0/,arxiv-nonexclusive,6
2506.23350v1,2506.23350,http://creativecommons.org/licenses/by-nc-nd/4.0/,cc-by-nc-nd,2
2506.23488v1,2506.23488,http://arxiv.org/licenses/nonexclusive-distrib/1.0/,arxiv-nonexclusive,6
2506.23511v1,2506.23511,http://creativecommons.org/licenses/by/4.0/,cc-by,2
2506.23755v1,2506.23755,http://creativecommons.org/licenses/by-nc-sa/4.0/,cc-by-nc-sa,9
2506.23817v1,2506.23817,http://creativecommons.org/licenses/by/4.0/,cc-by,15
2506.23937v1,2506.23937,http://creativecommons.org/licenses/by-nc-nd/4.0/,cc-by-nc-nd,5
2507.01581v1,2507.01581,http://arxiv.org/licenses/nonexclusive-distrib/1.0/,arxiv-nonexclusive,5
2507.01641v2,2507.01641,http://arxiv.org/licenses/nonexclusive-distrib/1.0/,arxiv-nonexclusive,7
2507.02013v1,2507.02013,http://arxiv.org/licenses/nonexclusive-distrib/1.0/,arxiv-nonexclusive,1
2507.02613v1,2507.02613,http://arxiv.org/licenses/nonexclusive-distrib/1.0/,arxiv-nonexclusive,5
2507.03848v1,2507.03848,http://arxiv.org/licenses/nonexclusive-distrib/1.0/,arxiv-nonexclusive,10
2507.03915v1,2507.03915,http://arxiv.org/licenses/nonexclusive-distrib/1.0/,arxiv-nonexclusive,5
2507.03918v1,2507.03918,http://arxiv.org/licenses/nonexclusive-distrib/1.0/,arxiv-nonexclusive,2
2507.03928v1,2507.03928,http://arxiv.org/licenses/nonexclusive-distrib/1.0/,arxiv-nonexclusive,10
2507.03950v1,2507.03950,http://arxiv.org/licenses/nonexclusive-distrib/1.0/,arxiv-nonexclusive,7
2507.03952v1,2507.03952,http://creativecommons.org/licenses/by/4.0/,cc-by,1
2507.04067v1,2507.04067,http://arxiv.org/licenses/nonexclusive-distrib/1.0/,arxiv-nonexclusive,5
2507.04662v1,2507.04662,http://arxiv.org/licenses/nonexclusive-distrib/1.0/,arxiv-nonexclusive,6
2507.05042v1,2507.05042,http://arxiv.org/licenses/nonexclusive-distrib/1.0/,arxiv-nonexclusive,11
2507.05121v1,2507.05121,http://arxiv.org/licenses/nonexclusive-distrib/1.0/,arxiv-nonexclusive,2
2507.05829v1,2507.05829,http://arxiv.org/licenses/nonexclusive-distrib/1.0/,arxiv-nonexclusive,11
2507.06520v1,2507.06520,http://creativecommons.org/licenses/by/4.0/,cc-by,1
2507.07474v1,2507.07474,http://creativecommons.org/licenses/by-nc-nd/4.0/,cc-by-nc-nd,4
2507.08299v1,2507.08299,http://creativecommons.org/publicdomain/zero/1.0/,cc0,4
2507.08507v1,2507.08507,http://arxiv.org/licenses/nonexclusive-distrib/1.0/,arxiv-nonexclusive,5
2507.09244v1,2507.09244,http://arxiv.org/licenses/nonexclusive-distrib/1.0/,arxiv-nonexclusive,4
2507.09843v1,2507.09843,http://arxiv.org/licenses/nonexclusive-distrib/1.0/,arxiv-nonexclusive,12
2507.09852v1,2507.09852,http://arxiv.org/licenses/nonexclusive-distrib/1.0/,arxiv-nonexclusive,2
2507.10113v1,2507.10113,http://arxiv.org/licenses/nonexclusive-distrib/1.0/,arxiv-nonexclusive,8
2507.10207v1,2507.10207,http://arxiv.org/licenses/nonexclusive-distrib/1.0/,arxiv-nonexclusive,3
2507.12019v1,2507.12019,http://arxiv.org/licenses/nonexclusive-distrib/1.0/,arxiv-nonexclusive,9
2507.12221v1,2507.12221,http://creativecommons.org/licenses/by/4.0/,cc-by,7
2507.12235v1,2507.12235,http://creativecommons.org/licenses/by/4.0/,cc-by,2
2507.12240v1,2507.12240,http://arxiv.org/licenses/nonexclusive-distrib/1.0/,arxiv-nonexclusive,5
2507.12368v1,2507.12368,http://creativecommons.org/licenses/by/4.0/,cc-by,8
2507.12582v1,2507.12582,http://arxiv.org/licenses/nonexclusive-distrib/1.0/,arxiv-nonexclusive,2
2507.12593v2,2507.12593,http://arxiv.org/licenses/nonexclusive-distrib/1.0/,arxiv-nonexclusive,4
2507.12917v2,2507.12917,http://arxiv.org/licenses/nonexclusive-distrib/1.0/,arxiv-nonexclusive,3
2507.13037v1,2507.13037,http://arxiv.org/licenses/nonexclusive-distrib/1.0/,arxiv-nonexclusive,6
2507.13130v1,2507.13130,http://arxiv.org/licenses/nonexclusive-distrib/1.0/,arxiv-nonexclusive,9
2507.13176v1,2507.13176,http://creativecommons.org/licenses/by/4.0/,cc-by,4
2507.13826v1,2507.13826,http://arxiv.org/licenses/nonexclusive-distrib/1.0/,arxiv-nonexclusive,4
2507.14035v1,2507.14035,http://arxiv.org/licenses/nonexclusive-distrib/1.0/,arxiv-nonexclusive,9
2507.14210v1,2507.14210,http://arxiv.org/licenses/nonexclusive-distrib/1.0/,arxiv-nonexclusive,13
2507.14299v1,2507.14299,http://creativecommons.org/licenses/by/4.0/,cc-by,6
2507.14852v1,2507.14852,http://creativecommons.org/licenses/by/4.0/,cc-by,8
2507.15515v1,2507.15515,http://arxiv.org/licenses/nonexclusive-distrib/1.0/,arxiv-nonexclusive,5
2507.15769v1,2507.15769,http://creativecommons.org/licenses/by/4.0/,cc-by,1
2507.15914v1,2507.15914,http://arxiv.org/licenses/nonexclusive-distrib/1.0/,arxiv-nonexclusive,8
2507.16132v1,2507.16132,http://arxiv.org/licenses/nonexclusive-distrib/1.0/,arxiv-nonexclusive,4
2507.16210v1,2507.16210,http://arxiv.org/licenses/nonexclusive-distrib/1.0/,arxiv-nonexclusive,1
2507.16211v1,2507.16211,http://arxiv.org/licenses/nonexclusive-distrib/1.0/,arxiv-nonexclusive,4
2507.16513v1,2507.16513,http://creativecommons.org/licenses/by/4.0/,cc-by,11
2507.16550v1,2507.16550,http://creativecommons.org/licenses/by-nc-nd/4.0/,cc-by-nc-nd,6
2507.16666v1,2507.16666,http://arxiv.org/licenses/nonexclusive-distrib/1.0/,arxiv-nonexclusive,7
2507.17153v1,2507.17153,http://arxiv.org/licenses/nonexclusive-distrib/1.0/,arxiv-nonexclusive,4
2507.17494v1,2507.17494,http://arxiv.org/licenses/nonexclusive-distrib/1.0/,arxiv-nonexclusive,6
2507.17695v1,2507.17695,http://arxiv.org/licenses/nonexclusive-distrib/1.0/,arxiv-nonexclusive,3
2507.17850v1,2507.17850,http://creativecommons.org/licenses/by/4.0/,cc-by,1
2507.18864v1,2507.18864,http://creativecommons.org/licenses/by-nc-nd/4.0/,cc-by-nc-nd,7
2507.19546v1,2507.19546,http://creativecommons.org/licenses/by/4.0/,cc-by,3
2507.19657v1,2507.19657,http://arxiv.org/licenses/nonexclusive-distrib/1.0/,arxiv-nonexclusive,2
2507.19845v1,2507.19845,http://creativecommons.org/licenses/by-nc-sa/4.0/,cc-by-nc-sa,3
2507.20399v1,2507.20399,http://creativecommons.org/licenses/by/4.0/,cc-by,9
2507.20438v1,2507.20438,http://creativecommons.org/licenses/by/4.0/,cc-by,1
2507.20477v1,2507.20477,http://creativecommons.org/licenses/by/4.0/,cc-by,3
2507.20504v1,2507.20504,http://arxiv.org/licenses/nonexclusive-distrib/1.0/,arxiv-nonexclusive,6
2507.20524v1,2507.20524,http://arxiv.org/licenses/nonexclusive-distrib/1.0/,arxiv-nonexclusive,5
2507.20587v1,2507.20587,http://arxiv.org/licenses/nonexclusive-distrib/1.0/,arxiv-nonexclusive,5
2507.20657v1,2507.20657,http://arxiv.org/licenses/nonexclusive-distrib/1.0/,arxiv-nonexclusive,6
2507.22013v1,2507.22013,http://arxiv.org/licenses/nonexclusive-distrib/1.0/,arxiv-nonexclusive,6
2507.22317v1,2507.22317,http://arxiv.org/licenses/nonexclusive-distrib/1.0/,arxiv-nonexclusive,6
2507.22851v1,2507.22851,http://creativecommons.org/licenses/by-nc-sa/4.0/,cc-by-nc-sa,1
2508.00011v1,2508.00011,http://creativecommons.org/publicdomain/zero/1.0/,cc0,3
2508.00234v1,2508.00234,http://arxiv.org/licenses/nonexclusive-distrib/1.0/,arxiv-nonexclusive,5
2508.00274v1,2508.00274,http://arxiv.org/licenses/nonexclusive-distrib/1.0/,arxiv-nonexclusive,2
2508.00409v1,2508.00409,http://arxiv.org/licenses/nonexclusive-distrib/1.0/,arxiv-nonexclusive,6
2508.00851v1,2508.00851,http://creativecommons.org/licenses/by/4.0/,cc-by,3
2508.01469v1,2508.01469,http://creativecommons.org/licenses/by/4.0/,cc-by,1
2508.01635v1,2508.01635,http://arxiv.org/licenses/nonexclusive-distrib/1.0/,arxiv-nonexclusive,6
2508.01840v1,2508.01840,http://creativecommons.org/licenses/by/4.0/,cc-by,1
2508.02048v1,2508.02048,http://creativecommons.org/licenses/by/4.0/,cc-by,3
2508.02122v1,2508.02122,http://arxiv.org/licenses/nonexclusive-distrib/1.0/,arxiv-nonexclusive,1
2508.02359v1,2508.02359,http://creativecommons.org/licenses/by/4.0/,cc-by,2
2508.02950v1,2508.02950,http://arxiv.org/licenses/nonexclusive-distrib/1.0/,arxiv-nonexclusive,8
2508.03391v1,2508.03391,http://arxiv.org/licenses/nonexclusive-distrib/1.0/,arxiv-nonexclusive,13
2508.03417v1,2508.03417,http://arxiv.org/licenses/nonexclusive-distrib/1.0/,arxiv-nonexclusive,5
2508.03579v2,2508.03579,http://arxiv.org/licenses/nonexclusive-distrib/1.0/,arxiv-nonexclusive,4
2508.03740v1,2508.03740,http://creativecommons.org/licenses/by-nc-sa/4.0/,cc-by-nc-sa,3
2508.04075v1,2508.04075,http://arxiv.org/licenses/nonexclusive-distrib/1.0/,arxiv-nonexclusive,6
2508.04171v1,2508.04171,http://arxiv.org/licenses/nonexclusive-distrib/1.0/,arxiv-nonexclusive,10
2508.04322v1,2508.04322,http://arxiv.org/licenses/nonexclusive-distrib/1.0/,arxiv-nonexclusive,8
2508.04556v1,2508.04556,http://creativecommons.org/licenses/by-nc-nd/4.0/,cc-by-nc-nd,2
2508.04570v1,2508.04570,http://creativecommons.org/licenses/by-nc-nd/4.0/,cc-by-nc-nd,5
2508.05204v1,2508.05204,http://creativecommons.org/licenses/by/4.0/,cc-by,9
2508.05590v1,2508.05590,http://creativecommons.org/licenses/by/4.0/,cc-by,1
2508.05884v1,2508.05884,http://arxiv.org/licenses/nonexclusive-distrib/1.0/,arxiv-nonexclusive,4
2508.05904v1,2508.05904,http://creativecommons.org/licenses/by-nc-sa/4.0/,cc-by-nc-sa,1
2508.06243v1,2508.06243,http://creativecommons.org/licenses/by/4.0/,cc-by,3
2508.06526v1,2508.06526,http://creativecommons.org/licenses/by/4.0/,cc-by,20
2508.06616v1,2508.06616,http://creativecommons.org/licenses/by/4.0/,cc-by,4
2508.06794v1,2508.06794,http://arxiv.org/licenses/nonexclusive-distrib/1.0/,arxiv-nonexclusive,1
2508.06975v1,2508.06975,http://creativecommons.org/licenses/by/4.0/,cc-by,1
2508.07572v2,2508.07572,http://arxiv.org/licenses/nonexclusive-distrib/1.0/,arxiv-nonexclusive,5
2508.07720v1,2508.07720,http://creativecommons.org/licenses/by-sa/4.0/,cc-by-sa,3
2508.08002v1,2508.08002,http://arxiv.org/licenses/nonexclusive-distrib/1.0/,arxiv-nonexclusive,6
2508.08022v1,2508.08022,http://arxiv.org/licenses/nonexclusive-distrib/1.0/,arxiv-nonexclusive,6
2508.08206v1,2508.08206,http://arxiv.org/licenses/nonexclusive-distrib/1.0/,arxiv-nonexclusive,6
2508.08225v1,2508.08225,http://arxiv.org/licenses/nonexclusive-distrib/1.0/,arxiv-nonexclusive,6
2508.08232v1,2508.08232,http://arxiv.org/licenses/nonexclusive-distrib/1.0/,arxiv-nonexclusive,2
2508.08663v1,2508.08663,http://creativecommons.org/licenses/by/4.0/,cc-by,7
2508.09149v1,2508.09149,http://creativecommons.org/licenses/by/4.0/,cc-by,2
2508.09159v2,2508.09159,http://arxiv.org/licenses/nonexclusive-distrib/1.0/,arxiv-nonexclusive,3
2508.09532v1,2508.09532,http://arxiv.org/licenses/nonexclusive-distrib/1.0/,arxiv-nonexclusive,4
2508.09582v1,2508.09582,http://creativecommons.org/licenses/by/4.0/,cc-by,11
2508.09782v1,2508.09782,http://creativecommons.org/licenses/by/4.0/,cc-by,10
2508.09882v1,2508.09882,http://arxiv.org/licenses/nonexclusive-distrib/1.0/,arxiv-nonexclusive,6
2508.10574v1,2508.10574,http://creativecommons.org/licenses/by/4.0/,cc-by,4
2508.10588v1,2508.10588,http://creativecommons.org/licenses/by/4.0/,cc-by,2
2508.10826v1,2508.10826,http://creativecommons.org/licenses/by/4.0/,cc-by,2
2508.11295v1,2508.11295,http://arxiv.org/licenses/nonexclusive-distrib/1.0/,arxiv-nonexclusive,4
2508.11366v1,2508.11366,http://arxiv.org/licenses/nonexclusive-distrib/1.0/,arxiv-nonexclusive,1
2508.11791v1,2508.11791,http://arxiv.org/licenses/nonexclusive-distrib/1.0/,arxiv-nonexclusive,3
2508.11792v1,2508.11792,http://arxiv.org/licenses/nonexclusive-distrib/1.0/,arxiv-nonexclusive,6
2508.11971v1,2508.11971,http://creativecommons.org/licenses/by/4.0/,cc-by,9
2508.12141v1,2508.12141,http://creativecommons.org/licenses/by-nc-nd/4.0/,cc-by-nc-nd,8
2508.12185v1,2508.12185,http://creativecommons.org/licenses/by/4.0/,cc-by,14
2508.12215v1,2508.12215,http://arxiv.org/licenses/nonexclusive-distrib/1.0/,arxiv-nonexclusive,11
2508.12248v2,2508.12248,http://arxiv.org/licenses/nonexclusive-distrib/1.0/,arxiv-nonexclusive,2
2508.12964v1,2508.12964,http://creativecommons.org/licenses/by/4.0/,cc-by,7
2508.13661v1,2508.13661,http://creativecommons.org/licenses/by/4.0/,cc-by,4
2508.14445v1,2508.14445,http://arxiv.org/licenses/nonexclusive-distrib/1.0/,arxiv-nonexclusive,5
2508.14457v1,2508.14457,http://arxiv.org/licenses/nonexclusive-distrib/1.0/,arxiv-nonexclusive,2
2508.14739v1,2508.14739,http://creativecommons.org/licenses/by/4.0/,cc-by,4
2508.14753v1,2508.14753,http://creativecommons.org/licenses/by-nc-nd/4.0/,cc-by-nc-nd,7
2508.14956v1,2508.14956,http://creativecommons.org/licenses/by/4.0/,cc-by,3
2508.14983v1,2508.14983,http://creativecommons.org/licenses/by/4.0/,cc-by,1
2508.15294v1,2508.15294,http://arxiv.org/licenses/nonexclusive-distrib/1.0/,arxiv-nonexclusive,4
2508.15375v1,2508.15375,http://arxiv.org/licenses/nonexclusive-distrib/1.0/,arxiv-nonexclusive,5
2508.15581v1,2508.15581,http://creativecommons.org/licenses/by/4.0/,cc-by,14
2508.15652v1,2508.15652,http://creativecommons.org/licenses/by/4.0/,cc-by,2
2508.15673v1,2508.15673,http://arxiv.org/licenses/nonexclusive-distrib/1.0/,arxiv-nonexclusive,1
